Model,ContextWindow,API ID,Artificial AnalysisIntelligence Index,MedianTokens/s,P5Tokens/s,P25Tokens/s,P75Tokens/s,P95Tokens/s,MedianFirst Chunk (s),First AnswerToken (s),P5First Chunk (s),P25First Chunk (s),P75First Chunk (s),P95First Chunk (s),length,Hardware,Host,GPUs Power Draw,Non-GPUs Power Draw,Min GPU Power Utilization,Max GPU Power Utilization,Non-GPU Power Utilization,PUE,WUE (Site),WUE (Source),CIF,Company,Size,Mean Max Energy (kWh),Std Max Energy (kWh),Mean Min Energy (kWh),Std Min Energy (kWh),Mean Combined Energy (kWh),Std Combined Energy (kWh),Mean Max Carbon (kg/CO2),Std Max Carbon (kg/CO2),Mean Min Carbon (kg/CO2),Std Min Carbon (kg/CO2),Mean Combined Carbon (kg/CO2),Std Combined Carbon (kg/CO2),Mean Max Water (L),Std Max Water (L),Mean Min Water (L),Std Min Water (L),Mean Combined Water (L),Std Combined Water (L)
Grok 4,256k,grok-4-0709,67.0,60.2,25.1,40.7,71.1,80.0,7.84,7.84,6.03,6.77,15.04,19.17,Short,DGX H200/H100,xAI,5.6,4.6,0.055,0.075,0.0625,1.5,0.36,3.142,0.385,xAI,Large,5.136803549134058,1.7745582331947014,4.323627580931916,1.4936387673038085,4.730215565032988,1.689769402584667,1.9776693664166123,0.6832049197799601,1.664596618658788,0.5750509254119662,1.8211329925377002,0.650561219995097,17.37266960317138,6.00155594466448,14.622508478711742,5.05148631102148,15.997589040941563,5.714800119541343
o3,200k,o3-2025-04-16,67.0,225.6,101.9,169.2,237.8,251.6,4.16,4.16,2.82,3.44,5.15,7.72,Short,DGX H200/H100,Azure,5.6,4.6,0.055,0.075,0.0625,1.12,0.3,3.142,0.3528,OpenAI,Large,1.3995031090264152,0.40428223196051477,1.1779563271027984,0.34028278322612937,1.288729718064607,0.3897293829886654,0.49374469686451916,0.1426307714356696,0.4155829922018674,0.12005176592217845,0.4546638445331933,0.13749652631840115,4.772105672764499,1.3785446563807895,4.0166627959452414,1.160315678974926,4.394384234354871,1.3289215203652078
o4-mini (high),200k,o4-mini-2025-04-16,66.0,121.9,86.1,100.7,134.7,140.9,19.73,19.73,10.4,13.44,25.05,34.47,Short,DGX H200/H100,Azure,5.6,4.6,0.03,0.045,0.03125,1.12,0.3,3.142,0.3528,OpenAI,Medium,2.86556731619599,1.0584648866420512,2.2573357190754257,0.833800198131799,2.561451517635708,1.0001358719010915,1.0109721491539452,0.3734264120073157,0.7963880416898104,0.29416470990089866,0.9036800954218777,0.3528479356067052,9.771175181468868,3.6092140541798745,7.697192325515904,2.843139561315416,8.734183753492387,3.410320446629594
DeepSeek R1 (DeepSeek),64k,deepseek-reasoner,59.0,22.2,18.3,20.3,26.1,27.8,93.4,93.4,10.089,48.135000000000005,138.86499999999998,175.721,Short,DGX H800,Deepseek,5.6,4.6,0.055,0.075,0.0625,1.27,1.2,6.016,0.6,DeepSeek,Large,26.615353839258674,14.914827285069736,22.40203987459864,12.553752153016292,24.50869685692865,13.94497711265998,15.969212303555201,8.94889637104184,13.441223924759184,7.532251291809774,14.705218114157194,8.366986267595989,185.26633452935053,103.82035113759657,155.93795365685972,87.38518601051415,170.60214409310515,97.06933863668526
DeepSeek R1 (Microsoft Azure),128k,DeepSeek-R1-0528,59.0,115.6,90.6,107.2,118.9,122.5,17.83,17.83,2.15,9.129999999999999,26.649999999999995,68.19999999999999,Short,DGX H200/H100,Azure,5.6,4.6,0.055,0.075,0.0625,1.12,0.3,3.142,0.3528,DeepSeek,Large,6.059087908409745,5.109818492344608,5.099910741283396,4.30091436352115,5.579499324846571,4.747005361594703,2.137646214086958,1.8027439640991778,1.7992485095247819,1.5173625874502619,1.96844736180587,1.6747434915706114,20.660624183690317,17.423751084824776,17.38996706909905,14.665503563269477,19.025295626394687,16.186610139414856
Grok 3 mini Reasoning (high),131k,grok-3-mini-beta,59.0,200.0,193.8,197.6,203.0,207.9,0.57,10.57,0.41,0.47,0.61,0.77,Short,DGX H200/H100,xAI,5.6,4.6,0.03,0.045,0.03125,1.5,0.36,3.142,0.385,xAI,Medium,0.34024738809422594,0.021304308263881355,0.2680281067299429,0.016782357804838936,0.3041377474120845,0.04088602074351855,0.130995244416277,0.008202158681594324,0.10319082109102805,0.006461207754862988,0.11709303275365254,0.01574111798625464,1.150716666534672,0.07205117054844674,0.9064710569606672,0.05675793409596527,1.0285938617476698,0.13827652215457972
Grok 3 mini Reasoning (high) Fast,131k,grok-3-mini-fast-beta,59.0,202.5,196.7,200.6,205.1,207.5,0.59,10.47,0.52,0.56,0.65,0.80,Short,DGX H200/H100,xAI,5.6,4.6,0.03,0.045,0.03125,1.5,0.36,3.142,0.385,xAI,Medium,0.3472918774764594,0.016726996978956285,0.2735773665275709,0.013176604695362287,0.3104346220020152,0.03981413003852245,0.13370737282843687,0.006439893836898173,0.10532728611311483,0.005072992807714482,0.11951732947077585,0.01532844006483115,1.1745411296253858,0.05657070378283019,0.9252386535962452,0.044563277079715254,1.0498898916108155,0.13465138779028293
Claude 4 Opus Thinking,200k,claude-opus-4-20250514,58.0,64.4,44.6,47.0,69.0,74.4,1.78,32.82,1.48,1.61,2.09,4.99,Short,DGX H200/H100,Anthropic,5.6,4.6,0.055,0.075,0.0625,1.14,0.18,3.142,0.385,Anthropic,Large,1.7071036429929451,0.3850246350198519,1.436862500921977,0.3240737387340236,1.571983071957461,0.38064609228463714,0.6572349025522839,0.14823448448264295,0.5531920628549611,0.12476838941259913,0.6052134827036226,0.1465487455295853,5.633262326756404,1.2705407666565618,4.7414950043582165,1.0694092247971483,5.1873786655573095,1.2560920365295885
Claude 4 Sonnet Thinking,200k,claude-sonnet-4-20250514,58.0,72.5,59.0,63.9,78.7,101.2,0.91,28.5,0.84,0.88,0.97,1.01,Short,DGX H200/H100,Anthropic,5.6,4.6,0.055,0.075,0.0625,1.14,0.18,3.142,0.385,Anthropic,Large,1.1338248441166368,0.16490004943844944,0.9543359641999393,0.13879573065808706,1.0440804041582883,0.17686776156296916,0.4365225649849052,0.06348651903380303,0.36741934621697664,0.05343635630336352,0.4019709556009409,0.06809408820174312,3.74150263560131,0.5441528052469422,3.149208225442516,0.4580113010947759,3.445355430521912,0.5836449954986863
GPT-4.1,1m,gpt-4.1-2025-04-14,45.0,149.5,59.3,114.4,171.5,195.3,0.51,0.51,0.33,0.43,0.67,1.46,Short,DGX H200/H100,Azure,5.6,4.6,0.055,0.075,0.0625,1.12,0.3,3.142,0.3528,OpenAI,Large,0.7207960046559589,0.2965737784730868,0.6066911954383369,0.24962499658052736,0.6637436000471478,0.27998089107912955,0.2542968304426223,0.104631229045305,0.2140406537506453,0.08806769879361007,0.23416874209663377,0.09877725837271689,2.457811405019011,1.0112742169105868,2.0687303062739524,0.851185577625801,2.2632708556464816,0.9546948413096775
DeepSeek V3 (Mar '25),64k,deepseek-chat,44.0,25.5,18.9,21.4,28.4,31.2,3.09,3.09,2.5,2.73,3.36,3.80,Short,DGX H800,Deepseek,5.6,4.6,0.055,0.075,0.0625,1.27,1.2,6.016,0.6,DeepSeek,Large,3.8594233627333305,0.5828020306483973,3.2484616431204216,0.49054220388850966,3.5539425029268763,0.6192442862634556,2.3156540176399982,0.34968121838903843,1.949076985872253,0.2943253223331059,2.132365501756125,0.37154657175807343,26.864990190581672,4.056816100457985,22.61215782118923,3.414606343212339,24.73857400588545,4.310486337590986
Llama 4 Maverick,128k,us.meta.llama4-maverick-17b-instruct-v1:0,41.0,347.0,302.1,325.6,367.8,399.6,0.4,0.4,0.29,0.32,0.52,0.59,Short,DGX H200/H100,AWS,5.6,4.6,0.0075,0.0125,0.0087,1.14,0.18,3.142,0.385,Meta,Micro,0.04505040183096838,0.004954073617116984,0.033585111417706114,0.0036932659341568337,0.039317756624337244,0.007207964372638079,0.01734440470492283,0.0019073183425900387,0.012930267895816853,0.0014219073846503812,0.015137336300369841,0.0027750662834656607,0.1486615838946345,0.016347921455052664,0.1108273324035441,0.012187388817882379,0.12974445814908928,0.023785523696613804
Llama 4 Scout,128k,us.meta.llama4-scout-17b-instruct-v1:0,34.0,158.6,149.8,154.4,162.7,169.1,0.44,0.44,0.34,0.4,0.57,0.58,Short,DGX H200/H100,AWS,5.6,4.6,0.0075,0.0125,0.0087,1.14,0.18,3.142,0.385,Meta,Micro,0.08211855130637265,0.004289129095511996,0.061219447174592656,0.0031975492493536988,0.07166899924048266,0.011113217948809914,0.03161564225295347,0.001651314701772119,0.023569487162218176,0.0012310564610011738,0.02759256470758582,0.0042785889102918175,0.27098257525299746,0.01415367452791637,0.2020177315238216,0.010551575938735692,0.23650015338840952,0.03667244941865704
GPT-4o (Nov '24),128k,gpt-4o-2024-11-20,34.0,113.8,54.5,79.0,181.1,231.3,0.49,0.49,0.34,0.39,0.62,1.21,Short,DGX H200/H100,Azure,5.6,4.6,0.055,0.075,0.0625,1.12,0.3,3.142,0.3528,OpenAI,Large,0.7898387688094347,0.3443841728005644,0.6648042216622165,0.28986681965051037,0.7273214952358256,0.32437636365800876,0.27865511763596856,0.12149873616403913,0.23454292940243007,0.10226501397270005,0.25659902351919933,0.11443998109854549,2.693237367530342,1.174300831510953,2.2668874238364927,0.9884044454625759,2.4800623956834174,1.106077060593287
Llama 3.3 70B,128k,us.meta.llama3-3-70b-instruct-v1:0,34.0,254.9,193.0,223.2,283.1,313.7,0.46,0.46,0.41,0.44,0.47,0.51,Short,DGX H200/H100,AWS,5.6,4.6,0.03,0.045,0.03125,1.14,0.18,3.142,0.385,Meta,Medium,0.21007396493753153,0.02686453475243613,0.16548467105312814,0.02116239724339094,0.1877793179953298,0.03289112987650909,0.08087847650094963,0.010342845879687911,0.06371159835545433,0.00814752293870551,0.072295037428202,0.012663085002455998,0.6932219712449134,0.08865013683727582,0.5460819950362645,0.0698336832824276,0.619651983140589,0.10853726636828247
GPT-4o mini,128k,gpt-4o-mini-2024-07-18,29.0,58.3,45.8,52.8,67.3,75.9,0.45,0.45,0.31,0.38,0.55,0.83,Short,DGX A100,Azure,3.2,3.3,0.0625,0.07,0.0312,1.12,0.3,3.142,0.3528,OpenAI,Medium,0.5759041155503635,0.09455859066720179,0.5336307525297839,0.0876176615749188,0.5547674340400737,0.09357269980971823,0.2031789719661682,0.03336027078738879,0.18826492949250773,0.03091151100363135,0.19572195072933798,0.03301244849286859,1.9637507620102321,0.3224312858050628,1.8196046331619156,0.2987637091616767,1.8916776975860738,0.31906953882259487
GPT-4.1 mini,1m,gpt-4.1-mini-2025-04-14,,81.1,34.7,61.2,104.5,134.4,0.5,0.5,0.31,0.38,0.65,1.02,Short,DGX H200/H100,Azure,5.6,4.6,0.03,0.045,0.03125,1.12,0.3,3.142,0.3528,OpenAI,Medium,0.6207720757274212,0.28129469510118277,0.48900996742393826,0.22158843006391335,0.5548910215756799,0.26163788374635905,0.21900838831663424,0.09924076843169727,0.17252271650716539,0.07817639812654864,0.19576555241189975,0.09230584538571547,2.116744096505403,0.95917472533859,1.6674541303488546,0.7555848910279355,1.8920991134271288,0.8921478067345491
GPT-4.1 nano,1m,gpt-4.1-nano-2025-04-14,,103.2,68.6,87.4,187.9,239.1,0.34,0.34,0.28,0.29,0.45,0.63,Short,DGX H200/H100,Azure,5.6,4.6,0.017,0.025,0.016,1.12,0.3,3.142,0.3528,OpenAI,Small,0.20672233746325164,0.07732584586546715,0.16336484346346852,0.06110769092739164,0.18504359046336008,0.07298415058167843,0.0729316406570352,0.027280558421336806,0.057635116773911706,0.02155879335918377,0.06528337871547345,0.025748808325216147,0.7048936389871933,0.2636700878518336,0.5570507783756472,0.20836849639227303,0.6309722086814202,0.24886552717629742
o3-pro,200k,o3-pro-2025-06-10,,14.0,7.1,10.1,16.2,19.8,52.35,52.35,31.66,38.34,68.7,81.97,Short,DGX H200/H100,Azure,5.6,4.6,0.055,0.075,0.0625,1.12,0.3,3.142,0.3528,OpenAI,Large,17.612194804685895,4.6321075822347115,14.82411590980982,3.8988269473085095,16.21815535724786,4.5024417919880975,6.213582327093185,1.6342075550124064,5.229948092980905,1.3755061470104424,5.721765210037045,1.5884614642134012,60.05506825614966,15.794825125765762,50.54811752160724,13.29444291504383,55.301592888878446,15.352683304709128
o3-mini (high),200k,o3-mini,,206.9,155.6,191.0,221.3,263.5,16.1,16.1,7.96,12.12,20.05,24.57,Short,DGX H200/H100,Azure,5.6,4.6,0.03,0.045,0.03125,1.12,0.3,3.142,0.3528,OpenAI,Medium,2.1729304876331064,0.7174275106388749,1.7117146671373868,0.5651497825436999,1.9423225773852462,0.6857319178324917,0.7666098760369597,0.2531084257533951,0.60389293456607,0.1993848432814173,0.685251405301515,0.24192622061130303,7.409382544187801,2.4463253216341867,5.836702484271756,1.9270800227907958,6.623042514229778,2.3382478781062486
Llama 3.1 405B Standard,128k,meta.llama3-1-405b-instruct-v1:0,,35.9,32.5,34.9,37.7,39.3,1.33,1.33,1.3,1.31,1.36,1.44,Short,DGX H200/H100,AWS,5.6,4.6,0.055,0.075,0.0625,1.14,0.18,3.142,0.385,Meta,Large,2.173851700782138,0.12337044898835524,1.8297225269480752,0.10384042738171802,2.0017871138651064,0.20641650392381858,0.8369329048011231,0.04749762286051676,0.7044431728750089,0.039978564541961435,0.770688038838066,0.07947035401067015,7.173481786086237,0.4071094952985209,6.0378917365573885,0.342662479788366,6.605686761321813,0.6811527348955567
Llama 3.1 405B Latency Optimized,128k,us.meta.llama3-1-405b-instruct-v1:0,,107.1,93.5,103.3,111.2,116.7,0.28,0.28,0.25,0.26,0.3,0.34,Short,DGX H200/H100,AWS,5.6,4.6,0.055,0.075,0.0625,1.14,0.18,3.142,0.385,Meta,Large,0.6995645051432411,0.04900878760794497,0.5888207248237458,0.04125050603608653,0.6441926149834935,0.0715386537151777,0.2693323344801479,0.018868383229058813,0.22669597905714212,0.01588144482389331,0.24801415676864502,0.02754238168034341,2.3084892286037335,0.1617238402864702,1.9430464107894319,0.13612232776055544,2.1257678196965824,0.23607002687548476
Llama 3.2 90B (Vision),128k,us.meta.llama3-2-90b-instruct-v1:0,,59.8,54.1,59.1,60.7,61.1,0.43,0.43,0.31,0.41,0.47,0.56,Short,DGX H200/H100,AWS,5.6,4.6,0.055,0.075,0.0625,1.14,0.18,3.142,0.385,Meta,Large,1.2398678248955535,0.054864997571456,1.0435919289403564,0.046179655199720206,1.1417298769179547,0.11046456938627118,0.47734911258478807,0.021123024065010557,0.40178289264203715,0.01777916725189228,0.43956600261341255,0.04252885921371441,4.091433309752706,0.1810487167229026,3.443743513721181,0.15238800114273984,3.7675884117369427,0.3645214511252859
Llama 3.2 11B (Vision),128k,us.meta.llama3-2-11b-instruct-v1:0,,188.5,173.3,187.6,190.7,204.9,0.42,0.42,0.39,0.41,0.44,0.51,Short,DGX H200/H100,AWS,5.6,4.6,0.0075,0.0125,0.0087,1.14,0.18,3.142,0.385,Meta,Micro,0.07057848648209829,0.003291448322636636,0.052616319407941294,0.002453777417039239,0.06159740294501979,0.00943860102644783,0.027172717295607846,0.0012672076042151055,0.0202572829720574,0.0009447043055601074,0.02371500013383262,0.003633861395182415,0.23290157607655784,0.01086143299645641,0.17362831548626861,0.008097207183869803,0.20326494578141321,0.03114638985032769
Grok 3,131k,grok-3-beta,,86.0,38.4,61.4,97.1,106.5,0.58,0.58,0.42,0.53,0.64,0.91,Short,DGX H200/H100,xAI,5.6,4.6,0.055,0.075,0.0625,1.5,0.36,3.142,0.385,xAI,Large,1.4841796647803214,0.5446572870891645,1.249228254949373,0.45843592150049106,1.3667039598648472,0.5169217237610102,0.5714091709404239,0.20969305552932835,0.48095287815550863,0.17649782977768907,0.5261810245479662,0.19901486364798893,5.019495626287048,1.8420309449355545,4.224889958238779,1.5504302865146606,4.622192792262914,1.7482292697597364
Grok 3 Fast,131k,grok-3-fast-beta,,86.8,60.8,84.4,91.7,99.7,0.56,0.56,0.45,0.51,0.64,0.71,Short,DGX H200/H100,xAI,5.6,4.6,0.055,0.075,0.0625,1.5,0.36,3.142,0.385,xAI,Large,1.2437554499693737,0.19960451022302833,1.0468641278540802,0.16800634040680332,1.145309788911727,0.20910665613559,0.4788458482382088,0.07684773643586591,0.40304268922382086,0.06468244105661927,0.44094426873101483,0.08050606261220215,4.206380931796421,0.6750624535742817,3.540494480402499,0.5681974432558087,3.8734377060994603,0.7071987110505654
o1,200k,o1-2024-12-17,,123.4,62.3,103.6,134.1,158.1,8.29,8.29,4.77,5.85,11.02,13.33,Short,DGX H200/H100,Azure,5.6,4.6,0.055,0.075,0.0625,1.12,0.3,3.142,0.3528,OpenAI,Large,2.5329044073466314,0.7357529126068661,2.1319357944521813,0.6192803667242244,2.332420100899406,0.7089529022730727,0.8936086749118913,0.25957362756770236,0.7521469482827297,0.21848211338030632,0.8228778115973104,0.2501185839219401,8.636842185565246,2.50881232443047,7.269596496825588,2.1116575819057872,7.953219341195418,2.417428117765139
o1-mini,128k,o1-mini-2024-09-12,,209.3,134.4,191.5,248.3,295.0,2.49,2.49,1.04,1.51,3.51,5.32,Short,DGX H200/H100,Azure,5.6,4.6,0.03,0.045,0.03125,1.12,0.3,3.142,0.3528,OpenAI,Medium,0.5251713570330172,0.19523270453553312,0.41370099950737366,0.15379354551851535,0.4694361782701954,0.18436524057812773,0.1852804547612485,0.0688780981601361,0.14595371262620144,0.05425836285893221,0.16561708369372494,0.06504405687596346,1.7907593030030127,0.6657156320798058,1.4106613081773571,0.5244140197116345,1.600710305590185,0.6286591324799043
GPT-4o (Aug '24),128k,gpt-4o-2024-08-06,,61.1,42.4,50.8,82.9,131.3,0.56,0.56,0.42,0.49,0.62,0.89,Short,DGX H200/H100,Azure,5.6,4.6,0.055,0.075,0.0625,1.12,0.3,3.142,0.3528,OpenAI,Large,1.1786786617844582,0.37165955515247756,0.9920892481874838,0.31282440295872843,1.085383954985971,0.35594784495474463,0.4158378318775569,0.1311214910577941,0.3500090867605443,0.11036444936383938,0.3829234593190506,0.1255783997000339,4.019125854019033,1.267305988847784,3.3828826092838646,1.0666865248888413,3.7010042316514484,1.2137313016035427
GPT-4o (May '24),128k,gpt-4o,,69.5,38.1,48.0,84.7,141.9,0.52,0.52,0.36,0.48,0.59,0.68,Short,DGX H200/H100,Azure,5.6,4.6,0.055,0.075,0.0625,1.12,0.3,3.142,0.3528,OpenAI,Large,1.176566087459859,0.44718806025456764,0.9903111025898882,0.3763964521294629,1.0834385950248735,0.42367258000981506,0.41509251565583827,0.15776794765781144,0.3493817569937125,0.1327926683112745,0.3822371363247754,0.14947168622746274,4.011922277368481,1.524847401459468,3.376819386816863,1.2834581308397357,3.6943708320926727,1.4446629731791822
GPT-4 Turbo,128k,gpt-4-turbo,,51.4,39.2,46.1,59.5,62.6,0.59,0.59,0.45,0.5,0.84,1.20,Short,DGX A100,Azure,3.2,3.3,0.125,0.15,0.0625,1.12,0.3,3.142,0.3528,OpenAI,Large,1.4266743962264428,0.2293591988572258,1.260358983915892,0.20262151447314114,1.3435166900711677,0.23183132706111145,0.5033307269886891,0.08091792535682926,0.4446546495255268,0.0714848703061242,0.47399268825710794,0.08179009218716013,4.864755880504138,0.7820821025033032,4.297644083869774,0.6909104184227723,4.5811999821869565,0.7905117065173813
GPT-3.5 Turbo,4k,gpt-3.5-turbo,,144.7,72.7,100.3,160.0,172.8,0.37,0.37,0.28,0.29,0.54,1.05,Short,DGX A100,Azure,3.2,3.3,0.125,0.15,0.0625,1.12,0.3,3.142,0.3528,OpenAI,Large,0.6546738591798575,0.2011463023918706,0.5783548664885807,0.17769755311485835,0.6165143628342191,0.1935827338266966,0.23096893751865374,0.07096441548385195,0.20404359689717128,0.06269169673892203,0.2175062672079125,0.06829598849405856,2.232344334966288,0.6858801559702227,1.9721074726022763,0.6059232707569363,2.1022259037842823,0.6600894676727744
GPT-4o (March 2025),128k,chatgpt-4o-latest,,183.6,62.3,165.7,212.5,230.3,0.42,0.42,0.29,0.37,0.53,1.09,Short,DGX H200/H100,Azure,5.6,4.6,0.055,0.075,0.0625,1.12,0.3,3.142,0.3528,OpenAI,Large,0.6019735385641753,0.297716342786778,0.5066787875829913,0.2505866885222986,0.5543261630735833,0.2792572774424945,0.21237626440544102,0.10503432573517527,0.17875627625927934,0.08840698371066694,0.1955662703323602,0.09852196748171206,2.052643770284043,1.0151701979968002,1.7277022829740598,0.8544648097626778,1.8901730266290517,0.9522274221821289
GPT-4,8k,gpt-4,,35.7,25.2,31.7,40.9,44.6,0.66,0.66,0.46,0.55,0.92,1.12,Short,DGX A100,Azure,3.2,3.3,0.125,0.15,0.0625,1.12,0.3,3.142,0.3528,OpenAI,Large,2.0300974740443722,0.3933899285625147,1.7934376592195271,0.3475302647592343,1.9117675666319496,0.3895746749947363,0.7162183888428545,0.13878796679685518,0.6327248061726491,0.12260867740705787,0.6744715975077517,0.137441945338143,6.922342372566445,1.3414034578369518,6.1153662125586985,1.185028555648309,6.5188542925625725,1.3283939882070515
Llama 3.1 70B Standard,128k,meta.llama3-1-70b-instruct-v1:0,,31.9,14.3,31.0,32.1,32.2,0.5,0.5,0.48,0.49,0.52,0.53,Short,DGX H200/H100,AWS,5.6,4.6,0.03,0.045,0.03125,1.14,0.18,3.142,0.385,Meta,Medium,1.5350146251107277,0.5788539349509005,1.2091997710126832,0.4559891704888016,1.3721071980617054,0.5459284116011328,0.5909806306676303,0.22285876495609672,0.465541911839883,0.1755558306381886,0.5282612712537567,0.21018243846643617,5.0653866823785485,1.9101570533448191,3.990231960155432,1.5047162637529938,4.527809321266989,1.801506292135149
Llama 3.1 70B Latency Optimized,128k,us.meta.llama3-1-70b-instruct-v1:0,,168.8,150.9,160.1,173.9,184.0,0.27,0.27,0.24,0.25,0.28,0.33,Short,DGX H200/H100,AWS,5.6,4.6,0.03,0.045,0.03125,1.14,0.18,3.142,0.385,Meta,Medium,0.25978296375472015,0.015912440943454214,0.20464267580678205,0.0125349424235549,0.2322128197807511,0.03106892527777166,0.10001644104556727,0.0061262897632298734,0.0787874301856111,0.0048259528330686354,0.0894019356155892,0.01196153623194209,0.8572564348154444,0.052509380119615395,0.6752992888280853,0.04136399053010763,0.7662778618217649,0.10252418300345933
Llama 3.1 8B,128k,meta.llama3-1-8b-instruct-v1:0,,270.6,139.9,233.5,287.9,312.1,0.29,0.29,0.23,0.25,0.31,0.53,Short,DGX H200/H100,AWS,5.6,4.6,0.0075,0.0125,0.0087,1.14,0.18,3.142,0.385,Meta,Micro,0.056796263769614046,0.01549402610375551,0.042341661101470134,0.011550809134975703,0.04956896243554209,0.015458877800853655,0.021866561551301403,0.005965200049945872,0.016301539524065996,0.004447061516965645,0.0190840505376837,0.0059516679533286555,0.18742169188564528,0.05112865519227699,0.13972302461789335,0.03811645427077403,0.16357235825176936,0.05101266949252223
Llama 3.2 3B,128k,us.meta.llama3-2-3b-instruct-v1:0,,72.4,70.7,71.2,73.4,73.8,0.41,0.41,0.31,0.39,0.43,0.45,Short,DGX H200/H100,AWS,5.6,4.6,0.0055,0.01,0.0087,1.14,0.18,3.142,0.385,Meta,Nano,0.1383040897823017,0.002566167137964447,0.1020068281439555,0.001892688572283296,0.1201554589631286,0.01828815306466047,0.05324707456618615,0.0009879743481163122,0.03927262883542286,0.000728685100329069,0.046259851700804516,0.0070409389298942806,0.45638893795635527,0.008468081432426054,0.3366117953141958,0.006245673058158855,0.39650036663527555,0.060348980044635896
Llama 3 70B,8k,meta.llama3-70b-instruct-v1:0,,47.6,46.3,47.3,47.6,47.9,0.32,0.32,0.29,0.31,0.34,0.38,Short,DGX H200/H100,AWS,5.6,4.6,0.03,0.045,0.03125,1.14,0.18,3.142,0.385,Meta,Medium,0.8353903389991123,0.010158345334401492,0.6580743858066285,0.008002183595703498,0.7467323624028701,0.08912827988498331,0.3216252805146581,0.003910962953744573,0.2533586385355519,0.003080840684345848,0.287491959525105,0.03431438775571858,2.7567001828719127,0.03352147030401604,2.171576202173894,0.026406363530706203,2.464138192522903,0.29411394169624644
Llama 3 8B,8k,meta.llama3-8b-instruct-v1:0,,104.8,103.0,104.2,105.1,105.4,0.29,0.29,0.26,0.27,0.3,0.34,Short,DGX H200/H100,AWS,5.6,4.6,0.0075,0.0125,0.0087,1.14,0.18,3.142,0.385,Meta,Micro,0.1101980025300431,0.001268957181302666,0.08215270103175912,0.0009460086167100964,0.09617535178090109,0.014067243025833013,0.0424262309740666,0.0004885485148015267,0.031628789897227255,0.00036421331743338687,0.037027510435646935,0.005415888564945711,0.36364180855940226,0.004187425123858662,0.27109526575206483,0.0031217288552889315,0.31736853715573354,0.04642042122282517
Llama 3.2 1B,128k,us.meta.llama3-2-1b-instruct-v1:0,,128.9,126.6,128.0,131.4,132.7,0.4,0.4,0.31,0.38,0.41,0.48,Short,DGX H200/H100,AWS,5.6,4.6,0.0055,0.01,0.0087,1.14,0.18,3.142,0.385,Meta,Nano,0.08249023775882348,0.0020546928437104217,0.06084106059237534,0.001515448314846618,0.07166564917559941,0.010974100926023425,0.03175874153714705,0.000791056744828512,0.023423808328064503,0.0005834476012159479,0.027591274932605776,0.00422502885651902,0.2722091014211956,0.006780270100787161,0.20076909563267098,0.00500081991811859,0.23648909852693328,0.03621337788735878
Claude 3.5 Sonnet (Oct),200k,claude-3-5-sonnet-20241022,,84.2,81.1,82.2,87.9,91.0,0.71,0.71,0.57,0.59,0.89,2.54,Short,DGX H200/H100,Anthropic,5.6,4.6,0.055,0.075,0.0625,1.14,0.18,3.142,0.385,Anthropic,Large,1.0270692769835692,0.17105885843305652,0.864480218295004,0.1439795762500143,0.9457747476392867,0.17777633761017098,0.39542167163867414,0.06585766049672676,0.3328248840435766,0.055432136856255504,0.36412327784112536,0.06844388997991584,3.3892205014903065,0.564476226633462,2.852693722455798,0.47511744588017885,3.1209571119730515,0.5866432008148685
Claude 3.5 Sonnet (June),200k,claude-3-5-sonnet-20240620,,88.0,80.1,83.8,90.9,93.4,0.57,0.57,0.43,0.49,0.8,1.14,Short,,,,,,,,,,,,,Large,,,,,,,,,,,,,,,,,,
Claude 3 Opus,200k,claude-3-opus-20240229,,26.9,24.3,25.8,28.2,29.9,0.75,0.75,0.57,0.73,0.79,0.89,Short,DGX H200/H100,Anthropic,5.6,4.6,0.055,0.075,0.0625,1.14,0.18,3.142,0.385,Anthropic,Large,2.6673390420813314,0.1797939008358041,2.2450889039709296,0.15133182748794535,2.4562139730261303,0.26867709090628006,1.0269255312013126,0.06922065182178457,0.8643592280288078,0.058262753582858984,0.9456423796150604,0.10344067999891782,8.801938066337648,0.5933009470843812,7.408557057956281,0.49937910104416827,8.105247562146964,0.8866061181916813
Claude 3.5 Haiku,200k,claude-3-5-haiku-20241022,,81.0,75.9,78.1,81.9,83.5,0.46,0.46,0.41,0.44,0.56,1.39,Short,DGX H200/H100,Anthropic,5.6,4.6,0.055,0.075,0.0625,1.14,0.18,3.142,0.385,Anthropic,Large,0.9863801848709476,0.08833345893041779,0.8302323676192922,0.0743499290361326,0.9083062762451197,0.11296411450216821,0.37975637117531486,0.03400838168821085,0.3196394615334275,0.028624722678911054,0.34969791635437114,0.043491184083334765,3.2549507805809825,0.291491116211544,2.7396794202628616,0.24534693951091793,2.9973151004219223,0.37276968689773393
Claude 3 Haiku,200k,claude-3-haiku-20240307,,130.4,115.2,120.9,136.4,140.7,0.29,0.29,0.23,0.25,0.34,0.63,Short,DGX H200/H100,Anthropic,5.6,4.6,0.055,0.075,0.0625,1.14,0.18,3.142,0.385,Anthropic,Large,0.6030206649924705,0.05115711879701832,0.5075601498275847,0.04305874804752568,0.5552904074100277,0.06718430458375396,0.23216295602210116,0.01969549073685206,0.1954106576836201,0.01657761799829738,0.21378680685286064,0.025865957264745273,1.9899047186156797,0.16881310707028707,1.6748950670468368,0.14208933605704022,1.8323998928312588,0.2217011330943266
Claude 3.7 Sonnet Thinking,200k,claude-3-7-sonnet-20250219,,82.9,77.2,80.4,84.7,86.3,0.66,13.99,0.54,0.58,0.76,1.01,Short,DGX H200/H100,Anthropic,5.6,4.6,0.055,0.075,0.0625,1.14,0.18,3.142,0.385,Anthropic,Large,0.9770156771890571,0.04969076985447825,0.8223502979025913,0.04182452784217921,0.8996829875458242,0.08994207445035138,0.37615103571778696,0.019130946393974127,0.31660486469249766,0.016102443219239,0.34637795020514234,0.03462769866338528,3.224048890968394,0.163974309912425,2.7136694198892983,0.1380165392973133,2.968859155428846,0.29679937809937523
Grok 4,256k,grok-4-0709,67.0,62.3,24.3,42.5,69.5,77.5,10.26,10.26,4.17,6.73,17.85,51.80,Medium,DGX H200/H100,xAI,5.6,4.6,0.055,0.075,0.0625,1.5,0.36,3.142,0.385,xAI,Large,7.264694095576873,5.222923611714575,6.114664782920181,4.396114502863646,6.689679439248527,4.861380333098743,2.7969072267970962,2.0108255905101116,2.35414594142427,1.6925040836025034,2.5755265841106834,1.8716314282430162,24.56919543124099,17.663927654818693,20.67979629583605,14.867659248684848,22.62449586353852,16.44118828653995
o3,200k,o3-2025-04-16,67.0,190.0,77.0,114.5,240.1,278.1,13.03,13.03,8.35,10.68,20.2,39.24,Medium,DGX H200/H100,Azure,5.6,4.6,0.055,0.075,0.0625,1.12,0.3,3.142,0.3528,OpenAI,Large,4.48689309568367,2.475573023707479,3.776600478416431,2.083680191685941,4.1317467870500515,2.3154311410625796,1.5829758841571986,0.8733821627639986,1.332384648785317,0.7351223716268002,1.4576802664712583,0.8168841065668782,15.299664471553358,8.441350357553404,12.877668117045973,7.1050517850502475,14.088666294299665,7.895289415146103
o4-mini (high),200k,o4-mini-2025-04-16,66.0,107.4,69.7,94.6,131.8,152.2,49.42,49.42,31.34,38.76,73.01,83.22,Medium,DGX H200/H100,Azure,5.6,4.6,0.03,0.045,0.03125,1.12,0.3,3.142,0.3528,OpenAI,Medium,7.147638272811022,2.4492313500948173,5.630514798607291,1.9293692315655322,6.389076535709157,2.3315265016710676,2.521686782647728,0.8640888203134517,1.9864456209486525,0.6806814648963198,2.25406620179819,0.8225625497895525,24.372425419103752,8.351529013630458,19.19925110399392,6.578873455462526,21.785838261548836,7.950172295483816
DeepSeek R1 (DeepSeek),64k,deepseek-reasoner,59.0,23.5,18.3,21.7,26.8,29.2,88.4,88.4,10.331000000000001,45.555,131.47500000000002,166.429,Medium,DGX H800,Deepseek,5.6,4.6,0.055,0.075,0.0625,1.27,1.2,6.016,0.6,DeepSeek,Large,25.290597845027442,14.073580865613037,21.28699790348246,11.845678311621995,23.288797874254946,13.160550506900359,15.174358707016466,8.444148519367822,12.772198742089476,7.107406986973196,13.973278724552971,7.896330304140215,176.04486452075042,97.96453417157184,148.17627819379058,82.45636763133713,162.1105713572705,91.60903768280421
DeepSeek R1 (Microsoft Azure),128k,DeepSeek-R1-0528,59.0,116.3,106.6,114.0,119.1,120.3,17.76,17.76,2.1500000000000004,9.110000000000001,26.540000000000003,68.47,Medium,DGX H200/H100,Azure,5.6,4.6,0.055,0.075,0.0625,1.12,0.3,3.142,0.3528,DeepSeek,Large,6.0340393121645,5.1328112227573985,5.07882743518581,4.3202672553385595,5.556433373675156,4.767948986250558,2.128809069331636,1.8108557993888104,1.7918103191335535,1.524190287683444,1.960309694232595,1.682132402349197,20.575212048864923,17.50215301085662,17.318076007207154,14.73149415966801,18.94664402803604,16.25802490754494
Grok 3 mini Reasoning (high),131k,grok-3-mini-beta,59.0,209.1,181.1,206.2,211.3,216.6,0.58,10.15,0.46,0.55,0.64,1.55,Medium,DGX H200/H100,xAI,5.6,4.6,0.03,0.045,0.03125,1.5,0.36,3.142,0.385,xAI,Medium,0.36709062874545273,0.06802550557367963,0.2891737296560831,0.053586737492342704,0.328132179200768,0.07257592378151129,0.1413298920669993,0.02618981964586666,0.111331885917592,0.020630893934551944,0.12633088899229564,0.02794173065588185,1.2415005064171212,0.2300622598501845,0.9779855536968729,0.18123034619910303,1.1097430300569968,0.2454517742290712
Grok 3 mini Reasoning (high) Fast,131k,grok-3-mini-fast-beta,59.0,209.7,195.0,203.3,213.0,215.1,0.64,10.17,0.51,0.57,0.7,0.88,Medium,DGX H200/H100,xAI,5.6,4.6,0.03,0.045,0.03125,1.5,0.36,3.142,0.385,xAI,Medium,0.3478602691792951,0.02268654431104077,0.2740251141292362,0.017871207047294908,0.3109426916542656,0.042189301930330714,0.13392620363402857,0.008734319559750696,0.10549966893975594,0.0068804147132085405,0.11971293628689227,0.01624288124317733,1.1764634303643757,0.0767258928599399,0.9267529359850768,0.06044042223395137,1.0516081831747262,0.1426842191283785
Claude 4 Opus Thinking,200k,claude-opus-4-20250514,58.0,50.0,43.5,46.0,60.3,67.4,1.65,41.68,1.4,1.51,2.0,5.33,Medium,DGX H200/H100,Anthropic,5.6,4.6,0.055,0.075,0.0625,1.14,0.18,3.142,0.385,Anthropic,Large,1.8252429843958078,0.3926254729982481,1.5362999253819132,0.3304713345165467,1.6807714548888604,0.3905829685613538,0.7027185489923863,0.15116080710432556,0.5914754712720365,0.12723146378887049,0.6470970101322114,0.15037444289612126,6.0231097176657045,1.2956227318970612,5.069628037978694,1.0905206174483393,5.546368877822199,1.2888826822557768
Claude 4 Sonnet Thinking,200k,claude-sonnet-4-20250514,58.0,62.4,49.5,54.4,67.8,78.7,1.05,33.08,0.86,0.93,1.22,1.61,Medium,DGX H200/H100,Anthropic,5.6,4.6,0.055,0.075,0.0625,1.14,0.18,3.142,0.385,Anthropic,Large,1.3572321886158827,0.1873916544304473,1.1423770576971848,0.15772682715665212,1.2498046231565336,0.20380719785636875,0.5225343926171149,0.07214578695572221,0.4398151672134161,0.060724828455311075,0.4811747799152654,0.07846577117470196,4.478723355886243,0.6183727341831676,3.7697240401841086,0.5204819267930407,4.124223698035175,0.6725422995367688
GPT-4.1,1m,gpt-4.1-2025-04-14,45.0,132.5,74.3,103.1,154.0,194.3,0.45,0.45,0.34,0.38,0.49,0.54,Medium,DGX H200/H100,Azure,5.6,4.6,0.055,0.075,0.0625,1.12,0.3,3.142,0.3528,OpenAI,Large,0.6560934819542852,0.1925062666905835,0.5522313335742428,0.16203177641589042,0.604162407764264,0.18534647584550148,0.23146978043347183,0.06791621088843786,0.19482721448499288,0.05716481071952613,0.21314849745923234,0.06539023667829293,2.237185045823833,0.6564188685196481,1.8830299572976574,0.5525052101815554,2.0601075015607453,0.632005004565182
DeepSeek V3 (Mar '25),64k,deepseek-chat,44.0,26.8,20.8,23.1,30.3,33.2,3.14,3.14,2.36,2.81,3.43,4.27,Medium,DGX H800,Deepseek,5.6,4.6,0.055,0.075,0.0625,1.27,1.2,6.016,0.6,DeepSeek,Large,3.67153560522484,0.5179868433384179,3.0903172479312953,0.4359875126615233,3.380926426578067,0.5600459224456436,2.202921363134904,0.31079210600305074,1.8541903487587772,0.261592507596914,2.0285558559468404,0.33602755346738616,25.557125702032483,3.605645236930301,21.5113333647496,3.034857581048754,23.534229533391045,3.8984135189879296
Llama 4 Maverick,128k,us.meta.llama4-maverick-17b-instruct-v1:0,41.0,316.6,293.1,305.2,352.8,402.2,0.6,0.6,0.31,0.5,0.64,0.65,Medium,DGX H200/H100,AWS,5.6,4.6,0.0075,0.0125,0.0087,1.14,0.18,3.142,0.385,Meta,Micro,0.050519670134713854,0.005624537015281909,0.03766245541219078,0.00419309694595003,0.04409106277345232,0.008120082014516349,0.019450073001864833,0.002165446750883535,0.01450004533369345,0.0016143423241907612,0.016975059167779142,0.0031262315755887942,0.16670959358454152,0.018560380093902377,0.12428213839123882,0.013836778543009206,0.14549586598789016,0.026795415902428742
Llama 4 Scout,128k,us.meta.llama4-scout-17b-instruct-v1:0,34.0,167.6,155.9,166.2,169.9,174.7,0.6,0.6,0.34,0.49,0.63,0.67,Medium,DGX H200/H100,AWS,5.6,4.6,0.0075,0.0125,0.0087,1.14,0.18,3.142,0.385,Meta,Micro,0.08174998759968906,0.00479023055678538,0.060944682629762735,0.0035711207986505807,0.0713473351147259,0.011227857542548701,0.03147374522588029,0.0018442387643623724,0.023463702812458655,0.001374881507480474,0.02746872401916947,0.004322725153881251,0.2697663538171213,0.0158072566025963,0.20111103744846648,0.011784322728094428,0.23543869563279385,0.037050748010669404
GPT-4o (Nov '24),128k,gpt-4o-2024-11-20,34.0,104.6,41.9,69.6,124.9,230.9,0.52,0.52,0.42,0.44,0.63,0.89,Medium,DGX H200/H100,Azure,5.6,4.6,0.055,0.075,0.0625,1.12,0.3,3.142,0.3528,OpenAI,Large,0.921803475578721,0.4466585488080978,0.775878402412902,0.375950764403141,0.8488409389958114,0.4192194532508521,0.3252122661841727,0.15758113601949691,0.2737299003712719,0.1326354296814281,0.29947108327772226,0.1479006231069006,3.1432181655126405,1.5230418430714983,2.6456345124562226,1.281938399362653,2.8944263389844314,1.4294784470920838
Llama 3.3 70B,128k,us.meta.llama3-3-70b-instruct-v1:0,34.0,250.4,206.9,241.2,267.9,284.9,0.54,0.54,0.48,0.53,0.56,0.57,Medium,DGX H200/H100,AWS,5.6,4.6,0.03,0.045,0.03125,1.14,0.18,3.142,0.385,Meta,Medium,0.21917766272939038,0.01741279062758466,0.17265606154361957,0.01371683506797098,0.19591686213650497,0.028048944099252418,0.08438340015081532,0.006703924391620093,0.06647258369429353,0.005280981501168827,0.07542799192255442,0.01079884347821218,0.7232632156740694,0.05746037614570014,0.5697468287716768,0.04526411184692866,0.646505022222873,0.09255856300710145
GPT-4o mini,128k,gpt-4o-mini-2024-07-18,29.0,60.5,45.5,54.7,66.4,116.5,0.42,0.42,0.32,0.4,0.48,0.87,Medium,DGX A100,Azure,3.2,3.3,0.0625,0.07,0.0312,1.12,0.3,3.142,0.3528,OpenAI,Medium,0.5415564088308801,0.13588264045444925,0.5018042868222516,0.1259083825302176,0.5216803478265658,0.13248986446204702,0.19106110103553445,0.0479393955523297,0.1770365523908904,0.04442047735666077,0.18404882671321246,0.04674242418221018,1.8466299889120392,0.46334039214389267,1.7110809317371893,0.42932959751625205,1.7788554603246143,0.45177151069208565
GPT-4.1 mini,1m,gpt-4.1-mini-2025-04-14,,102.6,43.3,77.2,137.8,181.3,0.44,0.44,0.31,0.33,0.47,0.53,Medium,DGX H200/H100,Azure,5.6,4.6,0.03,0.045,0.03125,1.12,0.3,3.142,0.3528,OpenAI,Medium,0.4838747064531458,0.22984076177465754,0.3811697782356745,0.1810558622444712,0.4325222423444102,0.2131691255392321,0.17071099643666982,0.08108782075409919,0.134476697761546,0.06387650819984945,0.1525938470991079,0.0752060674902411,1.6499436240471623,0.7837241632570431,1.2997344909581878,0.617374625130469,1.474839057502675,0.7268762653565615
GPT-4.1 nano,1m,gpt-4.1-nano-2025-04-14,,145.0,73.0,119.9,159.4,202.8,0.35,0.35,0.29,0.33,0.43,0.67,Medium,DGX H200/H100,Azure,5.6,4.6,0.017,0.025,0.016,1.12,0.3,3.142,0.3528,OpenAI,Small,0.18755771902903912,0.06127154826881608,0.14821977046864143,0.048420586834158036,0.16788874474884033,0.05861950594764659,0.06617036327344501,0.021616602229238318,0.05229193502133671,0.01708278303509096,0.05923114914739086,0.020680961698329718,0.6395450279291622,0.20892722651833873,0.5054082430451432,0.1651072838777883,0.5724766354871528,0.19988414106633945
o3-pro,200k,o3-pro-2025-06-10,,34.1,19.6,24.5,38.2,40.4,77.02,77.02,59.04,69.66,107.27,139.92,Medium,DGX H200/H100,Azure,5.6,4.6,0.055,0.075,0.0625,1.12,0.3,3.142,0.3528,OpenAI,Large,22.210876035197348,6.510697759790639,18.69480802679861,5.480028997816714,20.452842030997985,6.269021863739886,7.835997065217626,2.296974169654138,6.595528271854552,1.9333542304297364,7.215762668536088,2.2117109135274315,75.73591429773222,22.20054926120611,63.7466246845223,18.68611602126959,69.74126949112726,21.376468980801047
o3-mini (high),200k,o3-mini,,193.2,120.4,164.8,219.1,233.8,42.15,42.15,17.21,32.99,49.74,55.62,Medium,DGX H200/H100,Azure,5.6,4.6,0.03,0.045,0.03125,1.12,0.3,3.142,0.3528,OpenAI,Medium,5.078231793316208,1.6627389964743915,4.000350629352691,1.3098139789030738,4.53929121133445,1.5907902959755946,1.791600176681958,0.5866143179561654,1.4113237020356295,0.46210237175700447,1.6014619393587939,0.5612308164201898,17.316044953523505,5.669702443835321,13.640624167431339,4.466278551776782,15.478334560477425,5.42436765352021
Llama 3.1 405B Standard,128k,meta.llama3-1-405b-instruct-v1:0,,29.8,27.7,29.2,31.0,32.8,1.83,1.83,1.8,1.82,1.86,1.89,Medium,DGX H200/H100,AWS,5.6,4.6,0.055,0.075,0.0625,1.14,0.18,3.142,0.385,Meta,Large,2.652437017730103,0.1270057905280086,2.2325459279975637,0.10690028022534147,2.4424914728638334,0.24053316232724622,1.0211882518260895,0.0488972293532833,0.859530182279062,0.04115660788675647,0.9403592170525759,0.09260526749598978,8.752762954612738,0.4191057397118464,7.367166557557434,0.35275967208255044,8.059964756085087,0.7937341163996677
Llama 3.1 405B Latency Optimized,128k,us.meta.llama3-1-405b-instruct-v1:0,,90.4,79.4,84.8,93.6,95.2,0.44,0.44,0.4,0.42,0.46,0.48,Medium,DGX H200/H100,AWS,5.6,4.6,0.055,0.075,0.0625,1.14,0.18,3.142,0.385,Meta,Large,0.8599187933826477,0.052309706272692595,0.7237903059496348,0.04402887644577871,0.7918545496661411,0.08348751366765272,0.3310687354523194,0.020139236914986647,0.2786592677906094,0.016951117431624804,0.3048640016214644,0.03214269276204629,2.8376415003950126,0.17261652441501474,2.3884318211805367,0.14529065765249646,2.613036660787775,0.2755000069439205
Llama 3.2 90B (Vision),128k,us.meta.llama3-2-90b-instruct-v1:0,,59.6,49.2,58.9,60.5,61.0,0.49,0.49,0.43,0.47,0.51,0.52,Medium,DGX H200/H100,AWS,5.6,4.6,0.055,0.075,0.0625,1.14,0.18,3.142,0.385,Meta,Large,1.2779877549507939,0.09946544082606198,1.0756773258985128,0.08371967492850868,1.1768325404246534,0.13668780622373944,0.49202528565605574,0.038294194718033865,0.41413577047092737,0.03223207484747585,0.4530805280634915,0.05262480539613969,4.217225066310783,0.32822548467960183,3.5496219462728917,0.27626611466671774,3.8834235062918374,0.45105537234821136
Llama 3.2 11B (Vision),128k,us.meta.llama3-2-11b-instruct-v1:0,,187.5,179.8,183.4,190.1,192.1,0.46,0.46,0.35,0.44,0.48,0.52,Medium,DGX H200/H100,AWS,5.6,4.6,0.0075,0.0125,0.0087,1.14,0.18,3.142,0.385,Meta,Micro,0.07172855230148852,0.002390134847331937,0.053473694417088595,0.0017818474838953433,0.06260112335928855,0.009367700978204671,0.027615492636073078,0.0009202019162227959,0.020587372350579114,0.0006860112812997074,0.024101432493326094,0.0036065648766087986,0.23669667222098562,0.007887193403053567,0.17645756276645372,0.005879909133961593,0.20657711749371965,0.03091242715428823
Grok 3,131k,grok-3-beta,,72.7,42.3,56.0,89.9,97.0,0.58,0.58,0.48,0.54,0.68,0.87,Medium,DGX H200/H100,xAI,5.6,4.6,0.055,0.075,0.0625,1.5,0.36,3.142,0.385,xAI,Large,1.542097278405506,0.4366189312053705,1.2979772852162244,0.36750045729017405,1.4200372818108655,0.4215981278022795,0.5937074521861199,0.16809828851406763,0.4997212548082464,0.141487676056717,0.5467143534971831,0.16231527920387764,5.215372995567422,1.476645225336563,4.389759178601271,1.2428865465553685,4.8025660870843465,1.4258448682273095
Grok 3 Fast,131k,grok-3-fast-beta,,81.5,62.1,72.4,87.4,92.1,0.65,0.65,0.54,0.58,0.74,1.02,Medium,DGX H200/H100,xAI,5.6,4.6,0.055,0.075,0.0625,1.5,0.36,3.142,0.385,xAI,Large,1.3486936393350415,0.17425485307117655,1.1351901939562077,0.14666963251432596,1.2419419166456247,0.1932208522844533,0.519247051143991,0.06708811843240296,0.4370482246731401,0.056467808518015486,0.47814763790856557,0.07439002812951452,4.56128188823111,0.589329913086719,3.8392132359598947,0.4960366971634503,4.200247562095502,0.6534729224260211
o1,200k,o1-2024-12-17,,177.0,90.3,159.5,191.3,210.7,17.11,17.11,12.86,14.99,21.45,37.17,Medium,DGX H200/H100,Azure,5.6,4.6,0.055,0.075,0.0625,1.12,0.3,3.142,0.3528,OpenAI,Large,4.9952057348921866,1.9217894773476827,4.2044452510647305,1.617562733230452,4.599825492978458,1.8196751169606853,1.7623085832699636,0.6780073276082624,1.483328284575637,0.5706761322837035,1.6228184339228002,0.6419813812637298,17.032937955163085,6.553027576401692,14.336557671094866,5.515657839925379,15.684747813128975,6.204832195247799
o1-mini,128k,o1-mini-2024-09-12,,226.7,160.2,201.4,270.0,316.9,8.83,8.83,1.58,6.61,10.99,12.71,Medium,DGX H200/H100,Azure,5.6,4.6,0.03,0.045,0.03125,1.12,0.3,3.142,0.3528,OpenAI,Medium,1.1687585994654388,0.4780283271988106,0.9206834955991168,0.3765643234471995,1.044721047532278,0.44781826664221913,0.41233803389140683,0.1686483938357404,0.3248171372473685,0.13285189331217198,0.3685775855693877,0.15799028447137492,3.985299858662937,1.6300083059869155,3.1393991937793313,1.2840305480516006,3.5623495262211344,1.5269963152118755
GPT-4o (Aug '24),128k,gpt-4o-2024-08-06,,60.2,41.0,54.2,86.6,129.9,0.52,0.52,0.41,0.48,0.58,0.77,Medium,DGX H200/H100,Azure,5.6,4.6,0.055,0.075,0.0625,1.12,0.3,3.142,0.3528,OpenAI,Large,1.1608303103494049,0.3804909080322971,0.9770663601598166,0.32025771835085926,1.068948335254611,0.36347141012270895,0.40954093349127,0.13423719235379442,0.3447090118643834,0.11298692303418315,0.3771249726778267,0.12823271349129173,3.958265525389991,1.2974196405461287,3.331656707236381,1.0920330684738084,3.644961116313186,1.239385584031277
GPT-4o (May '24),128k,gpt-4o,,64.9,38.9,56.2,84.4,99.3,0.61,0.61,0.45,0.54,0.75,0.91,Medium,DGX H200/H100,Azure,5.6,4.6,0.055,0.075,0.0625,1.12,0.3,3.142,0.3528,OpenAI,Large,1.2109768084596846,0.36349384193530543,1.0192744727035223,0.3059513538833559,1.1151256405816035,0.3493629179199844,0.42723261802457674,0.12824062743477574,0.35960003396980267,0.10793963765004798,0.3934163259971897,0.12325523744217048,4.129257920160601,1.2394620733076862,3.4755803412800534,1.0432504094059747,3.8024191307203274,1.1912776411188724
GPT-4 Turbo,128k,gpt-4-turbo,,52.4,35.7,42.2,56.1,60.2,0.82,0.82,0.57,0.66,0.94,1.11,Medium,DGX A100,Azure,3.2,3.3,0.125,0.15,0.0625,1.12,0.3,3.142,0.3528,OpenAI,Large,1.5230466243001184,0.2740000633283467,1.345496562450924,0.24205834374179983,1.434271593375521,0.27334071111918884,0.5373308490530817,0.09666722234224072,0.474691187232686,0.085398183672107,0.5060110181428837,0.09643460288284983,5.193371410774217,0.9343010730834722,4.587951064163015,0.8253843723961457,4.890661237468616,0.9320527762434168
GPT-3.5 Turbo,4k,gpt-3.5-turbo,,129.1,103.6,113.0,151.3,161.5,0.37,0.37,0.29,0.32,0.45,0.92,Medium,DGX A100,Azure,3.2,3.3,0.125,0.15,0.0625,1.12,0.3,3.142,0.3528,OpenAI,Large,0.6005669986584532,0.09719887296784573,0.5305555452629321,0.08586785681130268,0.5655612719606926,0.09816239489453789,0.21188003712670225,0.03429176238305597,0.18717999636876245,0.030294179883027586,0.19953001674773235,0.03463169291879297,2.0478476701398023,0.3314342712670728,1.8091186156972754,0.29279712488985477,1.9284831429185387,0.33471974339110355
GPT-4o (March 2025),128k,chatgpt-4o-latest,,185.2,65.7,139.8,199.3,254.4,0.4,0.4,0.27,0.34,0.57,1.12,Medium,DGX H200/H100,Azure,5.6,4.6,0.055,0.075,0.0625,1.12,0.3,3.142,0.3528,OpenAI,Large,0.6038315562034067,0.27724848579307687,0.5082426738079556,0.2333589728477417,0.5560371150056812,0.2606642958883252,0.21303177302856188,0.09781326578779753,0.17930801531944673,0.08232904562068329,0.1961698941740043,0.09196236358940113,2.0589793450027303,0.9453777296278503,1.7330349115888701,0.7957207604146782,1.8960071282958002,0.8888280112226336
GPT-4,8k,gpt-4,,30.5,24.2,28.1,40.1,43.8,0.72,0.72,0.61,0.7,0.81,1.31,Medium,DGX A100,Azure,3.2,3.3,0.125,0.15,0.0625,1.12,0.3,3.142,0.3528,OpenAI,Large,2.1943328540919333,0.44048362619983883,1.9385272026130917,0.38913398671570454,2.066430028352513,0.43483867711582114,0.7741606309236341,0.15540262332330315,0.6839123970818988,0.13728647051330056,0.7290365140027666,0.1534110852864617,7.482361556331479,1.501986239109136,6.6101008284531275,1.3268913041310217,7.046231192392303,1.4827377691539332
Llama 3.1 70B Standard,128k,meta.llama3-1-70b-instruct-v1:0,,31.5,26.1,31.2,31.7,31.9,0.64,0.64,0.61,0.63,0.66,0.72,Medium,DGX H200/H100,AWS,5.6,4.6,0.03,0.045,0.03125,1.14,0.18,3.142,0.385,Meta,Medium,1.3224244864371995,0.10036963651124656,1.041732997212374,0.07906565807297819,1.1820787418247867,0.16691210004301382,0.5091334272783218,0.038642310056829915,0.4010672039267639,0.030440278358096606,0.45510031560254294,0.06426115851656031,4.363861602665239,0.33120923526221746,3.437609234695864,0.2609083489399782,3.9007354186805507,0.5507923604472041
Llama 3.1 70B Latency Optimized,128k,us.meta.llama3-1-70b-instruct-v1:0,,136.1,128.2,131.3,145.1,150.6,0.32,0.32,0.28,0.3,0.35,0.36,Medium,DGX H200/H100,AWS,5.6,4.6,0.03,0.045,0.03125,1.14,0.18,3.142,0.385,Meta,Medium,0.3132712680801473,0.01678035708473131,0.24677780877823358,0.013218638840593778,0.28002453842919045,0.03651713886421539,0.12060943821085676,0.0064604374776215555,0.09500945637961992,0.005089175953628606,0.10780944729523835,0.014059098462722927,1.0337622087415308,0.05537341202623599,0.8143407923567205,0.04362011673829204,0.9240515005491254,0.12050271434255666
Llama 3.1 8B,128k,meta.llama3-1-8b-instruct-v1:0,,214.4,182.9,188.2,252.8,293.3,0.28,0.28,0.26,0.27,0.3,0.31,Medium,DGX H200/H100,AWS,5.6,4.6,0.0075,0.0125,0.0087,1.14,0.18,3.142,0.385,Meta,Micro,0.057576698918172034,0.008243206312542233,0.04292347614314188,0.006145317049215723,0.05025008753065696,0.010321672364346989,0.022167029083496236,0.00317363443032876,0.016525538315109625,0.0023659470639480536,0.019346283699302927,0.003973843860273591,0.18999704572481843,0.027201713125461734,0.14164295301172158,0.02027889938693302,0.16581999936827,0.03406043231051723
Llama 3.2 3B,128k,us.meta.llama3-2-3b-instruct-v1:0,,71.6,61.9,71.0,72.4,73.3,0.48,0.48,0.44,0.46,0.5,0.52,Medium,DGX H200/H100,AWS,5.6,4.6,0.0055,0.01,0.0087,1.14,0.18,3.142,0.385,Meta,Nano,0.145331562715464,0.008467673235671967,0.10718997366703976,0.0062453719907341046,0.12626076819125187,0.02047066888133114,0.055952651645453634,0.0032600541957337067,0.04126813986181031,0.00240446821643263,0.048610395753631984,0.007881207519312488,0.4795788589017979,0.027942430343692686,0.3537156299461084,0.02060907016184457,0.41664724442395323,0.0675510525011421
Llama 3 70B,8k,meta.llama3-70b-instruct-v1:0,,47.2,46.4,46.9,47.5,47.6,0.4,0.4,0.37,0.39,0.42,0.44,Medium,DGX H200/H100,AWS,5.6,4.6,0.03,0.045,0.03125,1.14,0.18,3.142,0.385,Meta,Medium,0.8485811593481032,0.008005503504994831,0.6684653857909567,0.006306293664389492,0.75852327256953,0.0903457341776429,0.3267037463490197,0.0030821188494230085,0.25735917352951837,0.0024279230607899597,0.292031459939269,0.034783107658392515,2.800228501516178,0.026417318881903414,2.2058654083327056,0.020810105272099585,2.5030469549244416,0.29813141270893967
Llama 3 8B,8k,meta.llama3-8b-instruct-v1:0,,104.0,102.5,103.3,104.3,104.7,0.31,0.31,0.29,0.3,0.34,0.36,Medium,DGX H200/H100,AWS,5.6,4.6,0.0075,0.0125,0.0087,1.14,0.18,3.142,0.385,Meta,Micro,0.11188588313304484,0.0011836530961542235,0.08341101740203907,0.0008824143514503685,0.09764845026754196,0.01427565548300821,0.04307606500622226,0.0004557064420193757,0.032113241699785036,0.0003397295253083924,0.03759465335300365,0.00549612736095816,0.3692116368776655,0.003905930622246176,0.27524757731963395,0.0029118744740650095,0.32222960709864973,0.04710816039334993
Llama 3.2 1B,128k,us.meta.llama3-2-1b-instruct-v1:0,,126.8,108.2,124.9,128.6,131.0,0.45,0.45,0.4,0.43,0.48,0.54,Medium,DGX H200/H100,AWS,5.6,4.6,0.0055,0.01,0.0087,1.14,0.18,3.142,0.385,Meta,Nano,0.08795571115658427,0.005484706109585831,0.06487214605404393,0.004045270638209422,0.07641392860531411,0.01250743188201512,0.033862948795284946,0.0021116118521905445,0.02497577623080691,0.0015574291957106273,0.029419362513045926,0.004815361274575821,0.29024458832081684,0.018098952824148026,0.2140712533313919,0.013348967288129175,0.25215792082610444,0.04127320863887284
Claude 3.5 Sonnet (Oct),200k,claude-3-5-sonnet-20241022,,79.1,69.1,71.4,82.0,85.0,0.69,0.69,0.52,0.59,0.82,2.43,Medium,DGX H200/H100,Anthropic,5.6,4.6,0.055,0.075,0.0625,1.14,0.18,3.142,0.385,Anthropic,Large,1.101112390135812,0.175395019649759,0.9268020188351601,0.1476293062917759,1.0139572044854859,0.1840514571602407,0.42392827020228757,0.06752708256515721,0.3568187772515367,0.05683728292233373,0.3903735237269122,0.07085981100669268,3.6335549808807963,0.5787851022105572,3.0583491040487827,0.48716117083588245,3.345952042464789,0.6073504347911985
Claude 3.5 Sonnet (June),200k,claude-3-5-sonnet-20240620,,77.9,66.6,70.9,80.9,84.5,0.64,0.64,0.49,0.54,0.82,1.05,Medium,,,,,,,,,,,,,Large,,,,,,,,,,,,,,,,,,
Claude 3 Opus,200k,claude-3-opus-20240229,,28.7,23.8,27.3,29.8,31.9,0.98,0.98,0.87,0.93,1.07,1.13,Medium,DGX H200/H100,Anthropic,5.6,4.6,0.055,0.075,0.0625,1.14,0.18,3.142,0.385,Anthropic,Large,2.6212210710626462,0.24330440120200408,2.206271587021633,0.20478836878557377,2.4137463290421395,0.3059631062620732,1.009170112359119,0.09367219446277159,0.8494145610033288,0.0788435219824459,0.9292923366812239,0.11779579591089817,8.649753616499249,0.8028789129770134,7.280463998056966,0.6757800603219948,7.965108807278109,1.009646044022077
Claude 3.5 Haiku,200k,claude-3-5-haiku-20241022,,66.0,58.3,64.9,67.5,68.5,0.55,0.55,0.51,0.54,0.58,0.64,Medium,DGX H200/H100,Anthropic,5.6,4.6,0.055,0.075,0.0625,1.14,0.18,3.142,0.385,Anthropic,Large,1.1631237287780223,0.06177145662537033,0.9789967215368373,0.051992794940505994,1.0710602251574297,0.10832899191154523,0.44780263557953864,0.023782010800767587,0.3769137377916824,0.02001722605209481,0.41235818668561053,0.04170666188594493,3.8381858708907606,0.20383930460512997,3.230586128785085,0.17157075037788663,3.534385999837922,0.3574742702563192
Claude 3 Haiku,200k,claude-3-haiku-20240307,,145.4,119.2,130.4,149.6,161.5,0.39,0.39,0.27,0.31,0.82,10.78,Medium,DGX H200/H100,Anthropic,5.6,4.6,0.055,0.075,0.0625,1.14,0.18,3.142,0.385,Anthropic,Large,1.0446434919348908,0.928474052001493,0.8792723667098622,0.7814930006599138,0.9619579293223764,0.8621105439123232,0.40218774439493304,0.35746251002057483,0.3385198611832969,0.3008748052540668,0.370353802789115,0.3319125594062444,3.4472135609123047,3.06386663749419,2.901506255156576,2.578844639756593,3.1743599080344396,2.84487404643236
Claude 3.7 Sonnet Thinking,200k,claude-3-7-sonnet-20250219,,88.6,76.7,79.6,89.9,92.0,0.76,13.23,0.53,0.62,0.92,1.55,Medium,DGX H200/H100,Anthropic,5.6,4.6,0.055,0.075,0.0625,1.14,0.18,3.142,0.385,Anthropic,Large,0.9877594862328517,0.09957880612552894,0.8313933202143649,0.08381509406042752,0.9095764032236082,0.12076029471520121,0.3802874021996479,0.03833784035832865,0.3200864282825305,0.032268811213264595,0.3501869152410892,0.04649271346535246,3.25950232988565,0.3285995782346533,2.7435104416210656,0.2765809877579307,3.0015063857533573,0.3984962609501939
Grok 4,256k,grok-4-0709,67.0,64.0,21.0,47.8,70.6,76.3,15.49,15.49,13.1,14.46,24.33,48.34,Long,DGX H200/H100,xAI,5.6,4.6,0.055,0.075,0.0625,1.5,0.36,3.142,0.385,xAI,Large,8.793665170966943,4.056065647391232,7.401593794078889,3.4139746897830086,8.097629482522915,3.812861332228183,3.3855610908222733,1.5615852742456247,2.8496136107203722,1.3143802555664585,3.1175873507713225,1.4679516129078505,29.740175608210198,13.717614019477148,25.0321902115748,11.546062400846136,27.386182909892504,12.895097025595714
o3,200k,o3-2025-04-16,67.0,166.0,86.3,131.0,249.8,289.8,19.03,19.03,13.39,14.03,27.16,57.24,Long,DGX H200/H100,Azure,5.6,4.6,0.055,0.075,0.0625,1.12,0.3,3.142,0.3528,OpenAI,Large,6.192152939234573,3.592433536352012,5.211911060514753,3.023737344024908,5.702031999874663,3.356263049073739,2.184591556961957,1.2674105516249896,1.8387622221496047,1.0667745349719877,2.0116768895557806,1.1840896037132151,21.11435692951285,12.249685154169452,17.771872157632373,10.31051238064722,19.443114543572616,11.444377531191583
o4-mini (high),200k,o4-mini-2025-04-16,66.0,121.5,66.2,103.2,139.9,161.3,46.57,46.57,20.88,31.76,61.95,85.86,Long,DGX H200/H100,Azure,5.6,4.6,0.03,0.045,0.03125,1.12,0.3,3.142,0.3528,OpenAI,Medium,6.42530829219203,2.820458319462966,5.0615031208865835,2.221801341990094,5.743405706539306,2.6288180431266617,2.266848765485349,0.9950576951065345,1.7856983010487866,0.7838515134541051,2.0262735332670676,0.9274470056150863,21.90938337519022,9.617359946751648,17.259002570348837,7.576025175994506,19.58419297276953,8.963893981627185
DeepSeek R1 (DeepSeek),64k,deepseek-reasoner,59.0,23.5,18.6,22.0,27.7,29.1,90.22,90.22,11.157,46.095,133.095,167.653,Long,DGX H800,Deepseek,5.6,4.6,0.055,0.075,0.0625,1.27,1.2,6.016,0.6,DeepSeek,Large,25.552601210020125,14.142012705239113,21.507525117409166,11.903277125045781,23.530063163714644,13.226221115048112,15.331560726012075,8.485207623143467,12.904515070445497,7.141966275027469,14.118037898228787,7.935732669028866,177.86863899918512,98.44088012470823,149.71134208341306,82.85730616857064,163.78999054129906,92.0661630297497
DeepSeek R1 (Microsoft Azure),128k,DeepSeek-R1-0528,59.0,104.6,84.8,99.2,106.5,109.8,20.5,20.5,3.202,10.88,30.25,38.228,Long,DGX H200/H100,Azure,5.6,4.6,0.055,0.075,0.0625,1.12,0.3,3.142,0.3528,DeepSeek,Large,5.19634525537672,2.78674793104781,4.373743603642171,2.3455949016805238,4.785044429509446,2.6082672612969633,1.8332706060969066,0.9831646700736675,1.543056743364958,0.827525881312889,1.6881636747309325,0.9201966897855687,17.718794985798134,9.502412338025739,14.913840867905,7.998143529744633,16.316317926851568,8.893818751413887
Grok 3 mini Reasoning (high),131k,grok-3-mini-beta,59.0,206.3,186.8,201.6,210.6,216.1,0.85,10.55,0.71,0.78,0.93,1.04,Long,DGX H200/H100,xAI,5.6,4.6,0.03,0.045,0.03125,1.5,0.36,3.142,0.385,xAI,Medium,0.3849008925220674,0.02261918944864549,0.3032036721257221,0.01781814860547121,0.3440522823238947,0.045641713712813656,0.14818684362099593,0.008708387937728511,0.11673341376840299,0.006859987213106414,0.1324601286946995,0.01757205977943326,1.301734818509632,0.07649809871531905,1.025434819129192,0.060260978583703655,1.163584818819412,0.15436027577673578
Grok 3 mini Reasoning (high) Fast,131k,grok-3-mini-fast-beta,59.0,208.2,186.9,202.1,210.1,222.4,0.88,10.49,0.8,0.84,0.98,1.06,Long,DGX H200/H100,xAI,5.6,4.6,0.03,0.045,0.03125,1.5,0.36,3.142,0.385,xAI,Medium,0.3913731575933291,0.02094417183537017,0.3083021652045997,0.01649866221017474,0.34983766139896433,0.04561391825319948,0.15067866567343166,0.008063506156617514,0.11869633360377087,0.006351984950917275,0.13468749963860127,0.017561358527481793,1.3236240189806388,0.07083318914722186,1.042677922721956,0.05579847559481098,1.183150970851297,0.1542662715323206
Claude 4 Opus Thinking,200k,claude-opus-4-20250514,58.0,52.4,39.8,41.8,55.1,58.3,2.8,41.0,1.65,2.05,4.53,10.13,Long,DGX H200/H100,Anthropic,5.6,4.6,0.055,0.075,0.0625,1.14,0.18,3.142,0.385,Anthropic,Large,2.338562889554194,0.7294601692109031,1.9683592943173456,0.6139837890672689,2.1534610919357693,0.6991471886039963,0.9003467124783646,0.28084216514619764,0.7578183283121781,0.2363837587908985,0.8290825203952713,0.2691716676125386,7.717011371014148,2.4071417731150104,6.495378475532047,2.0260818740494537,7.106194923273099,2.307112127952282
Claude 4 Sonnet Thinking,200k,claude-sonnet-4-20250514,58.0,57.6,46.6,53.9,59.0,64.4,1.84,36.58,1.45,1.66,2.65,4.2,Long,DGX H200/H100,Anthropic,5.6,4.6,0.055,0.075,0.0625,1.14,0.18,3.142,0.385,Anthropic,Large,1.7365512213209215,0.2622031152482906,1.4616484131400829,0.22069534294043386,1.5990998172305022,0.2786060704779775,0.6685722202085548,0.10094819937059187,0.562734639058932,0.08496770703206703,0.6156534296337433,0.10726333713402136,5.730436235493639,0.8652426799914381,4.823285905634575,0.7282714006147011,5.276861070564107,0.9193707056225386
GPT-4.1,1m,gpt-4.1-2025-04-14,45.0,131.8,91.7,112.5,151.3,184.8,0.83,0.83,0.65,0.72,0.93,1.58,Long,DGX H200/H100,Azure,5.6,4.6,0.055,0.075,0.0625,1.12,0.3,3.142,0.3528,OpenAI,Large,0.7277125376031364,0.14504133663919644,0.612512814335926,0.1220807292842989,0.6701126759695312,0.1459043897850437,0.2567369832663865,0.05117058356630852,0.21609452089771464,0.04307008129150066,0.2364157520820506,0.051475068716163405,2.481395794292751,0.4945702377487114,2.0885811950548883,0.4162778467552758,2.2849884946738195,0.4975131256827439
DeepSeek V3 (Mar '25),64k,deepseek-chat,44.0,26.8,20.9,22.9,30.1,33.6,4.91,4.91,2.85,3.65,5.51,6.06,Long,DGX H800,Deepseek,5.6,4.6,0.055,0.075,0.0625,1.27,1.2,6.016,0.6,DeepSeek,Large,4.0195956329371345,0.5776714536587523,3.3832780203732344,0.48622381717849755,3.7014368266551845,0.6215174819718895,2.4117573797622813,0.3466028721952513,2.02996681222394,0.29173429030709846,2.2208620959931107,0.3729104891831337,27.979930445485675,4.021102760006724,23.550598700051896,3.384546563369619,25.765264572768793,4.326309784429712
Llama 4 Maverick,128k,us.meta.llama4-maverick-17b-instruct-v1:0,41.0,283.3,241.4,268.6,297.2,313.4,0.99,0.99,0.55,0.84,1.01,1.15,Long,DGX H200/H100,AWS,5.6,4.6,0.0075,0.0125,0.0087,1.14,0.18,3.142,0.385,Meta,Micro,0.06915858898160139,0.007895316066223823,0.05155778465979772,0.005885964585999618,0.060358186820699565,0.011222182302930766,0.026626056757916537,0.003039696685496172,0.019849747094022128,0.002266096365609853,0.023237901925969334,0.004320540186628345,0.22821606378781287,0.02605371193263691,0.17013526224210518,0.01942306355857916,0.19917566301495898,0.037032020317323854
Llama 4 Scout,128k,us.meta.llama4-scout-17b-instruct-v1:0,34.0,170.3,158.6,167.0,174.3,177.7,0.93,0.93,0.55,0.71,1.01,1.06,Long,DGX H200/H100,AWS,5.6,4.6,0.0075,0.0125,0.0087,1.14,0.18,3.142,0.385,Meta,Micro,0.09141206961479158,0.007144693939941489,0.06814777267592444,0.005326375176822404,0.07977992114535801,0.013229336341056538,0.035193646801694754,0.0027507071668774735,0.0262368924802309,0.0020506544430766256,0.030715269640962824,0.005093294491306766,0.30165020740569487,0.023576737928760604,0.2248804763807952,0.017576477412442688,0.263265341893245,0.04365541736376646
GPT-4o (Nov '24),128k,gpt-4o-2024-11-20,34.0,107.8,63.6,78.3,143.5,213.5,0.93,0.93,0.76,0.87,1.1,1.46,Long,DGX H200/H100,Azure,5.6,4.6,0.055,0.075,0.0625,1.12,0.3,3.142,0.3528,OpenAI,Large,0.8781145538181329,0.26685418839257735,0.7391056067826118,0.22461013312760392,0.8086100803003723,0.2562446228159951,0.30979881458703723,0.0941461576649013,0.2607564580729055,0.07924245496741866,0.28527763632997133,0.09040310292948307,2.9942451835835726,0.9099346603917756,2.520244532613452,0.765888466803254,2.7572448580985123,0.8737575574278553
Llama 3.3 70B,128k,us.meta.llama3-3-70b-instruct-v1:0,34.0,230.8,181.1,208.9,239.4,259.7,1.1,1.1,1.05,1.08,1.13,1.22,Long,DGX H200/H100,AWS,5.6,4.6,0.03,0.045,0.03125,1.14,0.18,3.142,0.385,Meta,Medium,0.31031382675089875,0.022947140857936255,0.2444480997841887,0.018076490618980735,0.27738096326754375,0.038874656146895135,0.119470823299096,0.008834649230305459,0.09411251841691262,0.006959448888307582,0.10679167085800433,0.014966742616554625,1.0240029636646235,0.07572314934267826,0.8066529979088979,0.05965051625415022,0.9153279807867608,0.12828227321568586
GPT-4o mini,128k,gpt-4o-mini-2024-07-18,29.0,61.5,46.6,55.5,67.7,78.3,0.75,0.75,0.55,0.66,0.81,2.07,Long,DGX A100,Azure,3.2,3.3,0.0625,0.07,0.0312,1.12,0.3,3.142,0.3528,OpenAI,Medium,0.6067438359261934,0.10660639843321701,0.5622067302795434,0.09878111839163024,0.5844752831028684,0.10515324632956775,0.21405922531476104,0.03761073736723897,0.19834653444262293,0.034849978568567155,0.206202879878692,0.03709806530507151,2.0689098028174726,0.3635125891717795,1.9170446350060601,0.3368295021271175,1.9929772189117667,0.35855754809149326
GPT-4.1 mini,1m,gpt-4.1-mini-2025-04-14,,81.3,48.8,63.6,102.3,178.5,0.63,0.63,0.49,0.54,0.69,0.75,Long,DGX H200/H100,Azure,5.6,4.6,0.03,0.045,0.03125,1.12,0.3,3.142,0.3528,OpenAI,Medium,0.548331775648104,0.18791760430455193,0.4319454985680262,0.14803111343510816,0.490138637108065,0.17888420737823718,0.19345145044865106,0.06629733079864593,0.15239037189479965,0.05222537681990617,0.17292091117172537,0.06311034836304208,1.8697330218492274,0.6407721853064785,1.4728724436171738,0.5047649495117995,1.6713027327332006,0.6099695922730204
GPT-4.1 nano,1m,gpt-4.1-nano-2025-04-14,,126.6,81.0,104.0,149.1,215.1,0.49,0.49,0.4,0.45,0.62,0.76,Long,DGX H200/H100,Azure,5.6,4.6,0.017,0.025,0.016,1.12,0.3,3.142,0.3528,OpenAI,Small,0.20048651569511935,0.05278621371650226,0.15843690940700444,0.041714947918284555,0.17946171255106189,0.05201252701437501,0.0707316427372381,0.018622976199181997,0.055896541638791174,0.014717033625570792,0.06331409218801463,0.018350019530671502,0.6836303775895434,0.17999344788559893,0.5402472272336841,0.1422420131230763,0.6119388024116137,0.1773552867580167
o3-pro,200k,o3-pro-2025-06-10,,34.8,18.6,28.0,43.1,55.6,96.4,96.4,62.27,76.77,112.82,167.61,Long,DGX H200/H100,Azure,5.6,4.6,0.055,0.075,0.0625,1.12,0.3,3.142,0.3528,OpenAI,Large,24.814897358667434,8.075830976093727,20.88660265312573,6.7973955424223504,22.850750005896586,7.71814037710418,8.754695788137873,2.8491531683658664,7.368793416022759,2.3981211473666053,8.061744602080314,2.7229599250423546,84.615255007719,27.537429938340157,71.22033124677974,23.17814774315416,77.91779312724935,26.317756094442807
o3-mini (high),200k,o3-mini,,202.0,149.9,171.7,215.0,253.7,37.11,37.11,21.86,25.08,45.5,57.54,Long,DGX H200/H100,Azure,5.6,4.6,0.03,0.045,0.03125,1.12,0.3,3.142,0.3528,OpenAI,Medium,4.799342738210735,1.6194116680278074,3.7806572296581087,1.2756831017250005,4.289999983934422,1.544137560134926,1.6932081180407474,0.5713284364802105,1.333815870623381,0.45006099828858015,1.5135119943320643,0.5447717312156021,16.365073116907432,5.5219624434508185,12.8915010592442,4.349897136439147,14.628287088075815,5.265288488980078
Llama 3.1 405B Standard,128k,meta.llama3-1-405b-instruct-v1:0,,15.9,15.4,15.5,16.0,16.1,7.91,7.91,7.88,7.9,7.99,8.09,Long,DGX H200/H100,AWS,5.6,4.6,0.055,0.075,0.0625,1.14,0.18,3.142,0.385,Meta,Large,6.04270948134349,0.07758821500943364,5.08612508288346,0.06530569899380581,5.5644172821134745,0.48363809874636055,2.326443150317244,0.02987146277863195,1.9581581569101323,0.025142694112615212,2.142300653613688,0.18620066801734883,19.940305213751273,0.25603294235060386,16.783677391927743,0.2155019323954548,18.36199130283951,1.5959548165894377
Llama 3.1 405B Latency Optimized,128k,us.meta.llama3-1-405b-instruct-v1:0,,74.3,70.6,73.4,78.4,79.8,2.11,2.11,2.04,2.09,2.16,2.44,Long,DGX H200/H100,AWS,5.6,4.6,0.055,0.075,0.0625,1.14,0.18,3.142,0.385,Meta,Large,1.3801011212532404,0.05096261544784954,1.1616257494082043,0.042895035334550385,1.2708634353307222,0.11895990139759514,0.5313389316824976,0.01962060694742206,0.4472259135221586,0.016514588603801898,0.48928242260232807,0.04579956203807413,4.5541884263334556,0.16817126649206685,3.833242696652399,0.14154910133713894,4.193715561492928,0.39255515251718004
Llama 3.2 90B (Vision),128k,us.meta.llama3-2-90b-instruct-v1:0,,57.4,52.4,56.2,57.9,58.2,1.08,1.08,1.02,1.06,1.09,1.13,Long,DGX H200/H100,AWS,5.6,4.6,0.055,0.075,0.0625,1.14,0.18,3.142,0.385,Meta,Large,1.434123700407308,0.04765389095884657,1.2070963443004263,0.04011009479292315,1.3206100223538668,0.12175882563135886,0.5521376246568135,0.01834674801915593,0.4647320925556642,0.015442386495275412,0.5084348586062388,0.046877147868073156,4.732457250954599,0.15725282396514537,3.983290873418323,0.13235909070140506,4.357874062186461,0.4017913078649966
Llama 3.2 11B (Vision),128k,us.meta.llama3-2-11b-instruct-v1:0,,54.3,45.5,52.8,55.3,56.7,0.69,0.69,0.57,0.67,0.73,0.74,Long,DGX H200/H100,AWS,5.6,4.6,0.0075,0.0125,0.0087,1.14,0.18,3.142,0.385,Meta,Micro,0.2223888859250611,0.016270193864262324,0.16579109637859943,0.012129442835364445,0.19408999115183026,0.031729304141832636,0.08561972108114853,0.006264024637740995,0.0638295721057608,0.004669835491615311,0.07472464659345467,0.012215782094605568,0.7338599141962885,0.05368992710007994,0.5470931663550226,0.04002588457324631,0.6404765402756556,0.10470336374129594
Grok 3,131k,grok-3-beta,,74.6,50.8,67.1,82.5,97.7,1.76,1.76,1.65,1.71,1.9,1.99,Long,DGX H200/H100,xAI,5.6,4.6,0.055,0.075,0.0625,1.5,0.36,3.142,0.385,xAI,Large,1.7755235122008732,0.2853033406584135,1.4944512388913356,0.24013871287927238,1.6349873755461046,0.2988021159779999,0.6835765521973363,0.10984178615348922,0.5753637269731642,0.09245340445851988,0.6294701395852502,0.11503881465152993,6.0048205182633545,0.9648958981067545,5.054234089930496,0.8121491269576993,5.529527304096925,1.0105487562375954
Grok 3 Fast,131k,grok-3-fast-beta,,79.9,65.2,70.1,86.1,87.9,1.82,1.82,1.61,1.74,1.89,2.57,Long,DGX H200/H100,xAI,5.6,4.6,0.055,0.075,0.0625,1.5,0.36,3.142,0.385,xAI,Large,1.7193907184298216,0.16823401241284364,1.4472044845582455,0.14160191433476801,1.5832976014940332,0.2066354979552061,0.6619654265954812,0.0647700947789448,0.5571737265549245,0.054516737018885694,0.6095695765752027,0.07955466671275435,5.814979409729656,0.5689674299802371,4.8944455667759845,0.4788976742801855,5.35471248825282,0.6988412540845071
o1,200k,o1-2024-12-17,,63.5,36.5,56.8,82.3,91.2,59.05,59.05,38.21,43.99,66.41,100.85,Long,DGX H200/H100,Azure,5.6,4.6,0.055,0.075,0.0625,1.12,0.3,3.142,0.3528,OpenAI,Large,14.688892768870808,4.8650311490018945,12.363583948922349,4.094877808099827,13.52623835889658,4.644355870198373,5.18224136885762,1.7163829893678686,4.361872417179805,1.4446728906976192,4.772056893018714,1.638528751005986,50.08702592859675,16.589061213646602,42.1580550395468,13.962948343076398,46.12254048407178,15.836590037966422
o1-mini,128k,o1-mini-2024-09-12,,257.0,177.5,216.3,293.9,317.5,13.91,13.91,5.17,7.77,17.83,33.86,Long,DGX H200/H100,Azure,5.6,4.6,0.03,0.045,0.03125,1.12,0.3,3.142,0.3528,OpenAI,Medium,2.08692304122552,1.2454915601501197,1.6439627494682394,0.9811294854751732,1.8654428953468796,1.142797270672013,0.7362664489443635,0.4394094224209622,0.5799900580123949,0.3461424824756411,0.6581282534783791,0.4031788770930862,7.1161094387159896,4.246948292746172,5.605678123865343,3.3455113841152726,6.360893781290666,3.896775436238612
GPT-4o (Aug '24),128k,gpt-4o-2024-08-06,,66.6,43.4,57.5,73.4,110.5,1.11,1.11,0.87,0.99,1.34,4.75,Long,DGX H200/H100,Azure,5.6,4.6,0.055,0.075,0.0625,1.12,0.3,3.142,0.3528,OpenAI,Large,1.430566550503362,0.4448914675067656,1.2041023050526527,0.3744634189403235,1.3173344277780075,0.42649401942968623,0.5047038790175861,0.1569577097363869,0.42480729322257593,0.13211069420214613,0.46475558612008094,0.1504670900547933,4.878027570566392,1.5170163482741412,4.105816845614537,1.2768667638123685,4.491922208090465,1.4542836785381685
GPT-4o (May '24),128k,gpt-4o,,69.9,39.8,59.0,79.4,92.5,1.1,1.1,0.88,0.96,1.45,2.15,Long,DGX H200/H100,Azure,5.6,4.6,0.055,0.075,0.0625,1.12,0.3,3.142,0.3528,OpenAI,Large,1.3416151021652893,0.34631504930448703,1.129232216734176,0.29149203089868836,1.2354236594497325,0.3372350533857904,0.47332180804391405,0.12217994939462301,0.39839312606381727,0.10283838850105725,0.4358574670538657,0.11897652683450687,4.574715839083327,1.1808848445498286,3.850520540175436,0.9939461836458274,4.212618189629381,1.1499233556093476
GPT-4 Turbo,128k,gpt-4-turbo,,44.9,31.7,40.7,46.6,48.5,1.67,1.67,1.41,1.55,1.94,2.43,Long,DGX A100,Azure,3.2,3.3,0.125,0.15,0.0625,1.12,0.3,3.142,0.3528,OpenAI,Large,1.9274600444685694,0.26454510797467695,1.7027652487563862,0.23370560540567997,1.8151126466124778,0.2737209343121555,0.6800079036885114,0.09333151409346602,0.6007355797612531,0.08245133758712389,0.6403717417248822,0.09656874562532847,6.572363400202897,0.9020610260353663,5.806186246080884,0.7969027279183108,6.189274823141891,0.9333492830138345
GPT-4o (March 2025),128k,chatgpt-4o-latest,,91.7,55.2,79.7,103.5,116.1,0.86,0.86,0.65,0.71,1.05,1.41,Long,DGX H200/H100,Azure,5.6,4.6,0.055,0.075,0.0625,1.12,0.3,3.142,0.3528,OpenAI,Large,0.996353446344117,0.22877699762694234,0.8386268230359315,0.19256070966338393,0.917490134690024,0.22567386357237418,0.3515134958702045,0.08071252476278526,0.2958675431670766,0.06793541836924184,0.3236905195186404,0.07961773906833361,3.3974229158268177,0.7800968794796409,2.859597662720663,0.6566045112793301,3.1285102892737404,0.7695156356584285
Llama 3.1 70B Standard,128k,meta.llama3-1-70b-instruct-v1:0,,14.4,14.2,14.2,14.4,14.5,42.13,42.13,42.06,42.09,42.17,42.19,Long,DGX H200/H100,AWS,5.6,4.6,0.03,0.045,0.03125,1.14,0.18,3.142,0.385,Meta,Medium,7.901474605736334,0.02278231044574745,6.224345441158059,0.017946646320813123,7.062910023447197,0.8388153053929459,3.042067723208488,0.008771189521612752,2.3963729948458523,0.006909458833513047,2.719220359027171,0.32294389257628414,26.074034464760874,0.07517922633302454,20.53968476156463,0.05922204373801779,23.306859613162754,2.768002211448785
Llama 3.1 70B Latency Optimized,128k,us.meta.llama3-1-70b-instruct-v1:0,,85.4,76.6,83.1,88.8,91.1,1.07,1.07,1.02,1.05,1.1,1.13,Long,DGX H200/H100,AWS,5.6,4.6,0.03,0.045,0.03125,1.14,0.18,3.142,0.385,Meta,Medium,0.578503545780184,0.02755631519446399,0.4557131532456661,0.021707343681299167,0.517108349512925,0.06621668795018815,0.22272386512537085,0.010609181349868642,0.17544956399958142,0.008357327317300177,0.19908671456247617,0.02549342486082244,1.9090008059645251,0.09093293947697388,1.5038054359050934,0.07163194916474185,1.7064031209348092,0.2185081000579419
Llama 3.1 8B,128k,meta.llama3-1-8b-instruct-v1:0,,135.4,115.8,130.6,143.6,157.4,0.52,0.52,0.5,0.51,0.55,0.79,Long,DGX H200/H100,AWS,5.6,4.6,0.0075,0.0125,0.0087,1.14,0.18,3.142,0.385,Meta,Micro,0.09733178423697368,0.008797537551501549,0.0725609247692836,0.006558571441321187,0.08494635450312864,0.014615219220131792,0.03747273693123487,0.003387051957328096,0.027935956036174187,0.0025250500049086564,0.03270434648370452,0.00562685939975074,0.3211846425310408,0.02903094786337074,0.23944341374655492,0.021642595380418732,0.2803140281387978,0.04822868498230648
Llama 3.2 3B,128k,us.meta.llama3-2-3b-instruct-v1:0,,71.0,60.4,69.6,71.8,72.9,0.97,0.97,0.85,0.96,0.99,1.02,Long,DGX H200/H100,AWS,5.6,4.6,0.0055,0.01,0.0087,1.14,0.18,3.142,0.385,Meta,Nano,0.16167706445260788,0.009601122368165054,0.11924567490662039,0.007081352698536231,0.14046136967961415,0.022831321864614118,0.06224566981425404,0.0036964321117435445,0.04590958483904885,0.002726320788936449,0.05407762732665143,0.008790058917876436,0.5335172940552425,0.031682693170484874,0.39349817501554124,0.02336771849962235,0.46350773453539196,0.07534095885618823
Llama 3.2 1B,128k,us.meta.llama3-2-1b-instruct-v1:0,,123.9,120.4,121.2,125.3,126.4,0.77,0.77,0.69,0.74,0.79,0.83,Long,DGX H200/H100,AWS,5.6,4.6,0.0055,0.01,0.0087,1.14,0.18,3.142,0.385,Meta,Nano,0.09715383521041458,0.0019948698447413787,0.07165626546137846,0.0014713255822181247,0.0844050503358965,0.012868708875015953,0.037404226556009605,0.0007680248902254301,0.02758766220263071,0.0005664603491539779,0.03249594437932015,0.004954452916881142,0.32059742947487224,0.006582860501347109,0.2364581332577635,0.004855219544942736,0.2785277813663179,0.042465384686618424
Claude 3.5 Sonnet (Oct),200k,claude-3-5-sonnet-20241022,,60.5,57.1,58.6,63.0,67.7,1.41,1.41,1.24,1.37,1.46,1.55,Long,DGX H200/H100,Anthropic,5.6,4.6,0.055,0.075,0.0625,1.14,0.18,3.142,0.385,Anthropic,Large,1.4139400177870383,0.06854395701521174,1.1901078170914219,0.05769318219442909,1.3020239174392303,0.12860249676647817,0.5443669068480096,0.026389423450856524,0.4581915095801975,0.022211875144855207,0.5012792082141037,0.049511961255094106,4.665853222905879,0.22618784299682862,3.9272305218946304,0.19038142827506915,4.296541872400255,0.42437470222445517
Claude 3.5 Sonnet (June),200k,claude-3-5-sonnet-20240620,,59.4,53.1,56.1,64.0,67.4,1.38,1.38,1.31,1.32,1.41,1.51,Long,,,,,,,,,,,,,Large,,,,,,,,,,,,,,,,,,
Claude 3 Opus,200k,claude-3-opus-20240229,,27.7,22.6,26.2,28.9,30.2,3.08,3.08,2.86,3.0,3.14,3.23,Long,DGX H200/H100,Anthropic,5.6,4.6,0.055,0.075,0.0625,1.14,0.18,3.142,0.385,Anthropic,Large,3.1894320983815483,0.26228759191140416,2.684532600121853,0.22076644661942213,2.9369823492517018,0.3499959689018539,1.2279313578768962,0.1009807228858906,1.0335450510469137,0.08499508194847753,1.130738204461905,0.13474844802721375,10.524790194964542,0.8655214440874327,8.858674998023158,0.7285060352707644,9.691732596493848,1.1549498556951812
Claude 3.5 Haiku,200k,claude-3-5-haiku-20241022,,57.9,50.4,54.4,60.2,63.5,1.62,1.62,1.48,1.58,1.72,1.79,Long,DGX H200/H100,Anthropic,5.6,4.6,0.055,0.075,0.0625,1.14,0.18,3.142,0.385,Anthropic,Large,1.5479590850560774,0.09876509765799027,1.3029111450896025,0.08313019880612466,1.42543511507284,0.1527897589988358,0.5959642477465897,0.038024562598326254,0.5016207908594971,0.03200512654035799,0.5487925193030435,0.05882405721455178,5.10810203762347,0.32591442594529857,4.2994696302541,0.27432090551296856,4.7037858339387855,0.5041901215636319
Claude 3 Haiku,200k,claude-3-haiku-20240307,,138.5,120.7,130.9,143.2,156.8,1.07,1.07,0.97,1.01,1.11,1.13,Long,DGX H200/H100,Anthropic,5.6,4.6,0.055,0.075,0.0625,1.14,0.18,3.142,0.385,Anthropic,Large,0.7277603448874708,0.045026716228502905,0.6125530535413269,0.037898812034026126,0.6701566992143989,0.07106365145969568,0.28018773278167625,0.017335285747973623,0.23583292561341088,0.014591042633100055,0.2580103291975436,0.027359505811982827,2.4015325317765606,0.1485834238997198,2.021360597417585,0.125062090363651,2.2114465645970727,0.23450256943263148
Claude 3.7 Sonnet Thinking,200k,claude-3-7-sonnet-20250219,,78.2,70.1,75.5,80.0,82.2,1.36,15.5,1.26,1.33,1.48,2.65,Long,DGX H200/H100,Anthropic,5.6,4.6,0.055,0.075,0.0625,1.14,0.18,3.142,0.385,Anthropic,Large,1.2353237500932341,0.1267543127983894,1.0397671988417256,0.10668861239779628,1.13754547446748,0.15259472172564015,0.47559964378589525,0.048800410427379905,0.40031037155406446,0.041075115773151566,0.4379550076699798,0.05874896786437146,4.076438341228716,0.418275889675443,3.4311223069988697,0.35206119053247525,3.753780324113793,0.5035465190923256
