SnapshotDate,Model,ContextWindow,API ID,Artificial Analysis Intelligence Index,ArtificialAnalysisOmniscience Index,GDPval-AA,Terminal-Bench Hard (Agentic Coding & Terminal Use),𝜏²-BenchTelecom,AA-LCR (Long Context Reasoning),AA-OmniscienceAccuracy,AA-OmniscienceNon-HallucinationRate,Humanity'sLastExam,GPQA Diamond (Scientific Reasoning),SciCode (Coding),IFBench (Instruction Following),CritPt,APEX-Agents-AA,MMMU-Pro,LiveCodeBench (Coding),AIME 2025 (Competition Math),MedianTokens/s,P5Tokens/s,P25Tokens/s,P75Tokens/s,P95Tokens/s,MedianFirst Chunk (s),First AnswerToken (s),P5First Chunk (s),P25First Chunk (s),P75First Chunk (s),P95First Chunk (s),length,Query Length,Hardware,Host,GPUs Power Draw,Non-GPUs Power Draw,Min GPU Power Utilization,Max GPU Power Utilization,Non-GPU Power Utilization,PUE,WUE (Site),WUE (Source),CIF,Company,Size,Mean Max Energy (Wh),Std Max Energy (Wh),Mean Min Energy (Wh),Std Min Energy (Wh),Mean Combined Energy (Wh),Std Combined Energy (Wh),Mean Max Carbon (gCO2e),Std Max Carbon (gCO2e),Mean Min Carbon (gCO2e),Std Min Carbon (gCO2e),Mean Combined Carbon (gCO2e),Std Combined Carbon (gCO2e),"Mean Max Water (Site, mL)","Std Max Water (Site, mL)","Mean Min Water (Site, mL)","Std Min Water (Site, mL)","Mean Combined Water (Site, mL)","Std Combined Water (Site, mL)","Mean Max Water (Source, mL)","Std Max Water (Source, mL)","Mean Min Water (Source, mL)","Std Min Water (Source, mL)","Mean Combined Water (Source, mL)","Std Combined Water (Source, mL)","Mean Max Water (Site & Source, mL)","Std Max Water (Site & Source, mL)","Mean Min Water (Site & Source, mL)","Std Min Water (Site & Source, mL)","Mean Combined Water (Site & Source, mL)","Std Combined Water (Site & Source, mL)",Energy Consumption of 1 Billion Prompts (MWh),Carbon Emissions of 1 Billion Prompts (TonsCO2e),Water Consumption of 1 Billion Prompts (Kiloliter),Energy Consumption of 50 Billion Prompts (MWh),Carbon Emissions of 50 Billion Prompts (TonsCO2e),Water Consumption of 50 Billion Prompts (Kiloliter),Energy Consumption of 100 Billion Prompts (MWh),Carbon Emissions of 100 Billion Prompts (TonsCO2e),Water Consumption of 100 Billion Prompts (Kiloliter),Household Energy Equiv. – 1B Prompts (MWh),University Energy Equiv. – 1B Prompts (MWh),Household Energy Equiv. – 50B Prompts (MWh),Household Energy Equiv. – 100B Prompts (MWh),University Energy Equiv. – 50B Prompts (MWh),University Energy Equiv. – 100B Prompts (MWh),People Annual Drinking Water Equiv. – 1B Prompts (kL),People Annual Drinking Water Equiv. – 50B Prompts (kL),People Annual Drinking Water Equiv. – 100B Prompts (kL),Olympic Swimming Pools Equiv. – 1B Prompts (kL),Olympic Swimming Pools Equiv. – 50B Prompts (kL),Olympic Swimming Pools Equiv. – 100B Prompts (kL),Gasoline Car Equiv. – 1B Prompts (TonsCO2e),Gasoline Car Equiv. – 50B Prompts (TonsCO2e),Gasoline Car Equiv. – 100B Prompts (TonsCO2e),Atlantic Flight Equiv. – 1B Prompts (TonsCO2e),Atlantic Flight Equiv. – 50B Prompts (TonsCO2e),Atlantic Flight Equiv. – 100B Prompts (TonsCO2e)
2026-07-19,GPT-5 (high),400k,gpt-5-2025-08-07,45.0,−8,40%,33%,85%,76%,41%,18%,27%,85%,43%,73%,6%,--,74%,85%,94%,94,49,66,107,125,76.33,76.33,37.15,49.79,106.61,177.41,Long,1500,DGX H200/H100,Azure,5.6,4.6,0.055,0.075,0.0625,1.12,0.3,4.35,0.34,OpenAI,Large,23.1432051295757,9.737435444209307,19.47954580164286,8.195961564701967,21.31137546560928,8.966698504455637,7.868689744055735,3.3107280510311647,6.623045572558574,2.7866269319986685,7.245867658307155,3.048677491514917,6.199072802564917,2.608241636841779,5.217735482582909,2.195346847688027,5.708404142573913,2.4017942422649026,100.67294231365429,42.35784418231049,84.73602423714644,35.652432806453554,92.70448327540036,39.00513849438202,106.8720151162192,44.96608581915226,89.95375971972935,37.84777965414158,98.41288741797428,41.406932736646915,21311.375465609282,7245.867658307155,98412.88741797427,1065568.773280464,362293.38291535777,4920644.370898713,213113.75465609282,724586.7658307155,9841288.741797427,19462.443347588385,17.729929671887923,973122.1673794193,194624.43347588385,886.4964835943961,177.29929671887922,82010.73951497856,4100536.975748928,8201073.951497856,39.36515496718971,1968.2577483594853,3936.5154967189706,1575.1886213711207,78759.43106855605,157518.8621371121,14.376721544260228,718.8360772130114,1437.6721544260229
2026-07-19,Claude 4.5 Sonnet,1m,claude-sonnet-4-5-20250929,43.0,0,41%,36%,78%,66%,32%,53%,17%,83%,45%,57%,1%,--,69%,71%,88%,42,34,38,52,57,9.91,9.91,5.28,6.96,15.35,29.23,Long,1500,DGX H200/H100,Anthropic,5.6,4.6,0.055,0.075,0.0625,1.14,0.18,5.12,0.3,Anthropic,Large,10.631646326378316,2.342257348569842,8.948615388492279,1.9714689061107287,9.790130857435296,2.1568631273402854,3.189493897913495,0.7026772045709525,2.684584616547683,0.5914406718332186,2.9370392572305892,0.6470589382020856,1.6786809989018394,0.36983010766892244,1.412939271867202,0.3112845641227467,1.5458101353845208,0.34055733589583453,54.434029191056986,11.99235762467759,45.81691078908046,10.09392079928693,50.12546999006872,11.043139211982261,56.11271018995882,12.362187732346513,47.22985006094766,10.405205363409678,51.671280125453244,11.383696547878095,9790.130857435295,2937.039257230589,51671.280125453246,489506.5428717648,146851.96286152946,2583564.006272662,97901.30857435295,293703.9257230589,5167128.012545324,8940.758773913512,8.144867601859646,447037.93869567564,89407.58773913512,407.24338009298236,81.44867601859647,43059.40010454437,2152970.0052272184,4305940.010454437,20.6685120501813,1033.4256025090647,2066.8512050181293,638.4867950501281,31924.339752506407,63848.67950501281,5.8274588437114865,291.37294218557435,582.7458843711487
2026-07-19,GPT-5 (medium),400k,gpt-5-2025-08-07,42.0,−10,25%,38%,87%,73%,39%,20%,23%,84%,41%,71%,0%,--,74%,70%,92%,81,45,61,113,138,31.92,31.92,15.37,22.04,57.46,132.36,Long,1500,DGX H200/H100,Azure,5.6,4.6,0.055,0.075,0.0625,1.12,0.3,4.35,0.34,OpenAI,Large,14.910252277271914,8.320916160932741,12.54990138673558,7.003682789873422,13.730076832003746,7.662299475403081,5.069485774272451,2.8291114947171323,4.266966471490098,2.3812521485569635,4.668226122881275,2.6051818216370477,3.9938175742692628,2.2288168288212695,3.3615807285898875,1.8759864615732378,3.6776991514295747,2.0524016451972535,64.85959740613282,36.195985300057416,54.59207103229977,30.466020135949382,59.7258342192163,33.331002718003404,68.85341498040208,38.42480212887869,57.953651760889656,32.34200659752262,63.403533370645874,35.383404363200654,13730.076832003746,4668.226122881275,63403.53337064588,686503.8416001874,233411.30614406374,3170176.6685322938,137300.76832003746,466822.6122881275,6340353.3370645875,12538.882951601594,11.422692871883315,626944.1475800797,125388.82951601595,571.1346435941658,114.22692871883316,52836.277808871564,2641813.8904435784,5283627.780887157,25.36141334825835,1268.0706674129176,2536.141334825835,1014.8317658437555,50741.58829218777,101483.17658437554,9.262353418415229,463.1176709207614,926.2353418415228
2026-07-19,GPT-5 mini (high),400k,gpt-5-mini-2025-08-07,41.0,−17,34%,33%,68%,68%,24%,46%,20%,83%,39%,75%,0%,--,70%,84%,91%,98,59,86,128,144,66.84,66.84,40.55,48.27,109.87,190.7,Long,1500,DGX H200/H100,Azure,5.6,4.6,0.03,0.045,0.03125,1.12,0.3,4.35,0.34,OpenAI,Medium,12.660004528540332,5.930754290773782,9.972852588180539,4.6719207836986145,11.316428558360435,5.301337537236199,4.304401539703712,2.0164564588630864,3.390769879981384,1.588453066457529,3.847585709842548,1.8024547626603078,3.391072641573303,1.588594899314406,2.671299800405501,1.2514073527764147,3.031186220989402,1.4200011260454102,55.07101969915044,25.798781164865954,43.38190875858534,20.322855409088973,49.22646422886788,23.06081828697746,58.46209234072375,27.38737606418036,46.053208558990846,21.574262761865388,52.257650449857294,24.48081941302287,11316.428558360436,3847.5857098425477,52257.6504498573,565821.4279180218,192379.28549212738,2612882.5224928646,113164.28558360435,384758.57098425477,5225765.044985729,10334.637952840581,9.41466602193048,516731.89764202904,103346.3795284058,470.733301096524,94.14666021930478,43548.04204154775,2177402.1020773873,4354804.204154775,20.90306017994292,1045.153008997146,2090.306017994292,836.4316760527278,41821.58380263639,83643.16760527279,7.634098630639976,381.7049315319988,763.4098630639976
2026-07-19,Kimi K2 Thinking,256k,moonshot.kimi-k2-thinking,41.0,−20,25%,31%,93%,66%,30%,28%,22%,84%,42%,68%,3%,--,--,85%,95%,124,80,119,137,151,17.63,17.63,2.648,9.25,25.83,33.102,Long,1500,DGX H200/H100,AWS,5.6,4.6,0.055,0.075,0.0625,1.14,0.18,5.12,0.3,Moonshot,Large,6.778541996484789,2.342574161099737,5.705472450751507,1.9717355659857145,6.242007223618148,2.157154863542725,2.0335625989454367,0.7027722483299209,1.7116417352254523,0.5915206697957144,1.8726021670854442,0.6471464590628176,1.0702961047081248,0.36988013069995845,0.9008640711712906,0.31132666831353384,0.9855800879397076,0.3406033995067461,34.706135022002115,11.993979704830652,29.21201894784772,10.095286097846857,31.959076984924916,11.044632901338755,35.77643112671024,12.36385983553061,30.112883019019012,10.406612766160391,32.94465707286463,11.3852363008455,6242.007223618148,1872.6021670854443,32944.65707286463,312100.3611809074,93630.1083542722,1647232.8536432316,62420.07223618148,187260.2167085444,3294465.707286463,5700.463217916117,5.193017656920256,285023.16089580586,57004.63217916117,259.6508828460128,51.93017656920256,27453.880894053862,1372694.0447026931,2745388.0894053862,13.177862829145853,658.8931414572926,1317.7862829145852,407.08742762727053,20354.371381363526,40708.74276272705,3.7154804902488974,185.77402451244484,371.5480490248897
2026-07-19,GPT-5 (low),400k,gpt-5-2025-08-07,39.0,−10,32%,27%,84%,59%,37%,24%,18%,81%,39%,67%,1%,--,74%,76%,83%,72,45,63,101,122,6.32,6.32,3.14,4.24,11.37,35.63,Long,1500,DGX H200/H100,Azure,5.6,4.6,0.055,0.075,0.0625,1.12,0.3,4.35,0.34,OpenAI,Large,6.925822542981223,2.8384371377839757,5.829437914269,2.389101506078244,6.377630228625111,2.61376932193111,2.3547796646136163,0.965068626846552,1.9820088908514601,0.812294512066603,2.1683942777325376,0.8886815694565776,1.8551310382985413,0.760295661906422,1.561456584179196,0.6399379034138153,1.7082938112388688,0.7001167826601187,30.127328061968313,12.347201549360296,25.358054927070146,10.39259155144036,27.74269149451923,11.369896550400327,31.982459100266855,13.107497211266717,26.919511511249347,11.032529454854174,29.4509853057581,12.070013333060446,6377.630228625111,2168.3942777325374,29450.9853057581,318881.51143125555,108419.71388662688,1472549.265287905,63776.302286251106,216839.42777325376,2945098.53057581,5824.319843493252,5.305848775894435,291215.9921746626,58243.19843493252,265.29243879472176,53.058487758944345,24542.487754798418,1227124.387739921,2454248.775479842,11.780394122303239,589.019706115162,1178.039412230324,471.3900603766386,23569.503018831932,47139.006037663865,4.30236959867567,215.1184799337835,430.236959867567
2026-07-19,GPT-5 mini (medium),400k,gpt-5-mini-2025-08-07,39.0,−11,25%,29%,71%,66%,22%,58%,15%,80%,41%,71%,1%,--,69%,69%,85%,86,72,78,98,132,12.18,12.18,5.99,8.62,17.12,43.18,Long,1500,DGX H200/H100,Azure,5.6,4.6,0.03,0.045,0.03125,1.12,0.3,4.35,0.34,OpenAI,Medium,4.083069628634243,1.4667241901401458,3.2164168205349983,1.1554043367686428,3.6497432245846206,1.311064263454394,1.388243673735643,0.49868622464764956,1.0935817189818993,0.3928374745013386,1.2409126963587713,0.4457618495744941,1.0936793648127436,0.39287255093039614,0.86154021978616,0.3094833044916008,0.9776097922994519,0.3511779277109984,17.76135288455896,6.3802502271096335,13.99141316932724,5.026008864943596,15.8763830269431,5.703129546026615,18.8550322493717,6.7731227780400305,14.852953389113402,5.335492169435197,16.85399281924255,6.054307473737613,3649.7432245846207,1240.9126963587714,16853.99281924255,182487.16122923102,62045.63481793856,842699.6409621275,36497.432245846205,124091.26963587712,1685399.281924255,3333.098835237097,3.0363920337642436,166654.9417618548,33330.988352370965,151.81960168821217,30.363920337642433,14044.99401603546,702249.7008017729,1404499.4016035458,6.741597127697021,337.079856384851,674.159712769702,269.7636296432112,13488.181482160559,26976.362964321117,2.462128365791213,123.10641828956064,246.21283657912127
2026-07-19,Claude 4 Sonnet,1m,claude-sonnet-4-20250514,39.0,0,32%,31%,65%,65%,22%,71%,10%,78%,40%,55%,0%,--,62%,66%,74%,40,35,39,54,101,10.75,10.75,5.97,7.7,15.18,30.88,Long,1500,DGX H200/H100,Anthropic,5.6,4.6,0.055,0.075,0.0625,1.14,0.18,5.12,0.3,Anthropic,Large,10.280357812173715,2.884878197700994,8.652937211518651,2.4281907656974435,9.466647511846185,2.656534481699219,3.0841073436521143,0.865463459310298,2.5958811634555956,0.7284572297092331,2.839994253553855,0.7969603445097655,1.6232143913958499,0.4555070838475253,1.3662532439239978,0.383398541952228,1.4947338176599239,0.4194528128998766,52.63543199832943,14.770576372229089,44.3030385229755,12.43233672037091,48.46923526065246,13.6014565463,54.25864638972527,15.226083456076614,45.6692917668995,12.81573526232314,49.96396907831239,14.020909359199877,9466.647511846186,2839.9942535538553,49963.96907831239,473332.3755923092,141999.71267769276,2498198.4539156193,94666.47511846185,283999.4253553855,4996396.907831239,8645.340193466836,7.875746682068375,432267.00967334176,86453.40193466836,393.78733410341863,78.75746682068373,41636.64089859366,2081832.0449296827,4163664.0898593655,19.985587631324954,999.2793815662477,1998.5587631324954,617.3900551204034,30869.502756020167,61739.005512040334,5.6349092332417765,281.7454616620888,563.4909233241776
2026-07-19,o3,200k,o3-2025-04-16,38.0,−15,13%,37%,81%,69%,38%,13%,20%,83%,41%,71%,1%,--,70%,81%,88%,110,49,68,133,175,6.91,6.91,2.99,4.88,13.24,19.0,Long,1500,DGX H200/H100,Azure,5.6,4.6,0.055,0.075,0.0625,1.12,0.3,4.35,0.34,OpenAI,Large,5.639254624549931,2.127023932625539,4.746538698119412,1.7903077765067255,5.192896661334671,1.9586658545661324,1.9173465723469767,0.7231881370926833,1.6138231573606,0.6087046440122867,1.7655848648537884,0.6659463905524851,1.5105146315758744,0.5697385533818408,1.2713942941391276,0.4795467258500157,1.390954462857501,0.5246426396159283,24.530757616792197,9.252554106921094,20.647443336819435,7.787838827804256,22.589100476805818,8.520196467362675,26.04127224836807,9.822292660302935,21.918837630958564,8.26738555365427,23.98005493966332,9.044839106978603,5192.896661334671,1765.5848648537883,23980.054939663318,259644.83306673355,88279.24324268942,1199002.7469831659,51928.96661334671,176558.48648537885,2398005.4939663317,4742.371380214312,4.320213528564619,237118.56901071558,47423.71380214312,216.0106764282309,43.20213528564618,19983.3791163861,999168.9558193049,1998337.9116386098,9.592021975865327,479.6010987932663,959.2021975865326,383.82279670734533,19191.139835367267,38382.27967073453,3.503144573122596,175.1572286561298,350.3144573122596
2026-07-19,Claude 4.5 Haiku,200k,claude-haiku-4-5-20251001,37.0,−4,34%,27%,55%,70%,17%,74%,10%,67%,43%,54%,0%,--,59%,61%,84%,99,77,85,120,133,18.86,18.86,6.59,11.52,34.67,152.23,Long,1500,DGX H200/H100,Anthropic,5.6,4.6,0.055,0.075,0.0625,1.14,0.18,5.12,0.3,Anthropic,Large,12.1621448439746,9.882319937706571,10.236830041818903,8.317910279723339,11.19948744289675,9.100115108714956,3.6486434531923804,2.9646959813119707,3.07104901254567,2.495373083917001,3.3598462328690255,2.730034532614486,1.9203386595749368,1.560366305953669,1.6163415855503531,1.3133542546931587,1.7683401225626447,1.4368602803234138,62.270181601149964,50.59747808105764,52.412569814112786,42.58770063218349,57.34137570763137,46.592589356620564,64.19052026072488,52.157844387011316,54.028911399663144,43.90105488687664,59.109715830194,48.02944963694398,11199.48744289675,3359.8462328690257,59109.715830194,559974.3721448375,167992.31164345128,2955485.7915097,111994.8744289675,335984.62328690256,5910971.5830194,10227.842413604338,9.317377240346714,511392.12068021693,102278.42413604338,465.8688620173357,93.17377240346714,49258.096525161665,2462904.8262580833,4925809.652516167,23.6438863320776,1182.19431660388,2364.38863320776,730.4013549715273,36520.067748576366,73040.13549715273,6.6663615731528285,333.3180786576414,666.6361573152828
2026-07-19,Gemini 2.5 Pro Vertex,1m,gemini-2.5-pro,35.0,−14,21%,27%,54%,66%,39%,13%,21%,84%,43%,49%,3%,--,75%,80%,88%,107,72,79,130,153,29.91,29.91,13.13,22.19,43.06,50.29,Long,1500,TPU V6e,Google,1.2,0.96,0.1,0.1125,0.1,1.09,0.3,1.1,0.231,Google,Large,3.2607470703726236,0.9354461448755417,3.0490102476211542,0.8747028887147923,3.154878658996889,0.9050745167951669,0.7532325732560761,0.21608805946625018,0.7043213672004868,0.202056367293117,0.7287769702282814,0.2090722133796836,0.8974533221209053,0.25746224170886467,0.8391771323727948,0.24074391432517214,0.8683152272468501,0.2491030780170184,3.586821777409886,1.0289907593630958,3.3539112723832702,0.9621731775862715,3.4703665248965776,0.9955819684746838,4.484275099530792,1.2864530010719606,4.1930884047560655,1.2029170919114438,4.338681752143428,1.2446850464917023,3154.878658996889,728.7769702282814,4338.681752143428,157743.93294984446,36438.848511414064,216934.0876071714,31548.78658996889,72877.69702282813,433868.1752143428,2881.167725111314,2.6246910640573122,144058.3862555657,28811.677251113142,131.2345532028656,26.24691064057312,3615.56812678619,180778.4063393095,361556.812678619,1.7354727008573712,86.77363504286855,173.5472700857371,158.42977613658292,7921.488806829145,15842.97761365829,1.4459860520402408,72.29930260201203,144.59860520402407
2026-07-19,Gemini 2.5 Pro (AI Studio),1m,gemini-2.5-pro,35.0,−14,21%,27%,54%,66%,39%,13%,21%,84%,43%,49%,3%,--,75%,80%,88%,130,105,120,153,167,23.45,23.45,12.62,17.62,36.71,40.67,Long,1500,TPU V6e,Google,1.2,0.96,0.1,0.1125,0.1,1.09,0.3,1.1,0.231,Google,Large,2.6229071074369963,0.7134537035895574,2.452588464096931,0.6671255410188067,2.5377477857669635,0.690289622304182,0.6058915418179462,0.16480780552918775,0.5665479352063912,0.15410599997534435,0.5862197385121688,0.15945690275226607,0.7219010387441274,0.1963634046576763,0.6750243479165866,0.18361253422535967,0.6984626933303568,0.18998796944151797,2.8851978181806954,0.784799073948513,2.6978473105066247,0.7338380951206874,2.79152256434366,0.7593185845346003,3.607098856924823,0.9811624786061892,3.372871658423211,0.9174506293460472,3.489985257674017,0.9493065539761184,2537.7477857669633,586.2197385121688,3489.9852576740172,126887.38928834817,29310.98692560844,174499.26288370084,25377.477857669634,58621.97385121688,348998.5257674017,2317.577886545172,2.1112710364117833,115878.8943272586,23175.77886545172,105.56355182058917,21.11271036411783,2908.3210480616813,145416.05240308403,290832.10480616806,1.3959941030696068,69.79970515348033,139.59941030696066,127.43907358960192,6371.953679480096,12743.907358960192,1.1631344018098586,58.15672009049293,116.31344018098586
2026-07-19,o4-mini (high),200k,o4-mini-2025-04-16,33.0,−36,25%,15%,56%,55%,25%,20%,18%,78%,47%,69%,1%,--,69%,86%,91%,164,129,144,184,197,19.85,19.85,8.82,14.41,43.09,114.81,Long,1500,DGX H200/H100,Azure,5.6,4.6,0.03,0.045,0.03125,1.12,0.3,4.35,0.34,OpenAI,Medium,5.657985623304383,3.992143691536539,4.457048687467193,3.144790387458031,5.057517155385787,3.5684670394972855,1.92371511192349,1.3573288551224232,1.5153965537388456,1.0692287317357307,1.719555832831168,1.213278793429077,1.5155318633851025,1.0693242030901442,1.1938523270001404,0.8423545680691155,1.3546920951926213,0.9558393855796299,24.612237461374065,17.36582505818394,19.388161790482286,13.679838185442435,22.000199625928175,15.52283162181319,26.127769324759168,18.435149261274088,20.582014117482426,14.52219275351155,23.354891721120797,16.47867100739282,5057.517155385786,1719.555832831168,23354.891721120795,252875.85776928932,85977.7916415584,1167744.58605604,50575.171553857865,171955.5832831168,2335489.17211208,4618.737128206198,4.207584987841752,230936.85641030988,46187.37128206198,210.37924939208762,42.07584987841752,19462.409767600664,973120.4883800333,1946240.9767600666,9.341956688448319,467.097834422416,934.195668844832,373.81648539808003,18690.824269904002,37381.648539808004,3.4118171286332695,170.5908564316635,341.181712863327
2026-07-19,Grok 3 mini Reasoning (high),131k,grok-3-mini-beta,32.0,−6,0%,17%,90%,50%,15%,75%,11%,79%,41%,46%,1%,--,--,70%,85%,82,38,66,117,161,0.61,24.91,0.51,0.57,0.67,2.03,Long,1500,DGX H200/H100,xAI,5.6,4.6,0.03,0.045,0.03125,1.5,0.36,3.142,0.385,xAI,Medium,3.3341567269323447,1.406517700994851,2.6264645852714046,1.1079769887179907,2.9803106561018744,1.257247344856421,1.2836503398689527,0.5415093148830177,1.011188865329491,0.42657114065642643,1.1474196025992218,0.48404022776972205,0.8001976144637627,0.33756424823876424,0.6303515004651371,0.2659144772923177,0.7152745574644498,0.301739362765541,10.475920436021427,4.419278616525822,8.252351726922752,3.4812636985519263,9.36413608147209,3.9502711575388743,11.27611805048519,4.756842864764586,8.882703227387893,3.747178175844244,10.07941063893654,4.252010520304416,2980.3106561018744,1147.419602599222,10079.41063893654,149015.53280509374,57370.98012996109,503970.531946827,29803.106561018747,114741.96025992218,1007941.063893654,2721.744891417237,2.4794597804508105,136087.24457086186,27217.44891417237,123.97298902254055,24.794597804508108,8399.508865780452,419975.44328902254,839950.8865780451,4.0317642555746165,201.58821277873082,403.17642555746164,249.43904404330914,12471.952202165456,24943.90440433091,2.276626195633377,113.83130978166884,227.66261956333767
2026-07-19,Grok 3 mini Reasoning (high) Fast,131k,grok-3-mini-fast-beta,32.0,−6,0%,17%,90%,50%,15%,75%,11%,79%,41%,46%,1%,--,--,70%,85%,62,24,43,91,115,0.71,33.1,0.54,0.63,1.21,3.21,Long,1500,DGX H200/H100,xAI,5.6,4.6,0.03,0.045,0.03125,1.5,0.36,3.142,0.385,xAI,Medium,4.819793537694969,2.394129800084558,3.7967672403699475,1.8859632727134832,4.308280389032459,2.1400465363990206,1.8556205120125635,0.921739973032555,1.4617553875424298,0.726095859994691,1.6586879497774965,0.823917916513623,1.1567504490467928,0.574591152020294,0.9112241376887874,0.452631185451236,1.0339872933677903,0.513611168735765,15.143791295437598,7.522355831865682,11.929442669242373,5.925696602865764,13.536616982339988,6.724026217365723,16.300541744484388,8.096946983885974,12.84066680693116,6.378327788317,14.570604275707774,7.237637386101488,4308.2803890324585,1658.6879497774964,14570.604275707774,215414.0194516229,82934.39748887482,728530.2137853887,43082.80389032458,165868.79497774964,1457060.4275707775,3934.502638385807,3.5842598910419787,196725.13191929035,39345.026383858065,179.21299455209893,35.84259891041979,12142.170229756479,607108.511487824,1214217.022975648,5.82824171028311,291.4120855141555,582.824171028311,360.58433690815144,18029.216845407573,36058.433690815145,3.2910475193997946,164.55237596998973,329.10475193997945
2026-07-19,o1,200k,o1-2024-12-17,31.0,−11,12%,13%,63%,59%,35%,31%,8%,75%,36%,70%,0%,--,--,68%,--,88,26,60,106,117,40.4,40.4,23.58,28.84,113.4,163.53,Long,1500,DGX H200/H100,Azure,5.6,4.6,0.055,0.075,0.0625,1.12,0.3,4.35,0.34,OpenAI,Large,20.474140162054848,11.706112837902435,17.233004192938033,9.852989674870527,18.85357217749644,10.779551256386481,6.961207655098647,3.980078364886828,5.859221425598932,3.3500164894559794,6.41021454034879,3.6650474271714035,5.48414468626469,3.135565938723866,4.615983265965544,2.6391936629117483,5.050063976115117,2.887379800817807,89.06250970493856,50.92159084487559,74.96356823928043,42.86050508568679,82.0130389721095,46.891047965281196,94.54665439120326,54.05715678359945,79.57955150524599,45.49969874859853,87.06310294822462,49.778427766099,18853.57217749644,6410.214540348789,87063.10294822462,942678.6088748219,320510.7270174395,4353155.147411231,188535.7217749644,641021.454034879,8706310.294822462,17217.874134699945,15.68516820091218,860893.7067349972,172178.74134699945,784.2584100456089,156.8516820091218,72552.5857901872,3627629.2895093593,7255258.579018719,34.82524117928985,1741.2620589644923,3482.5241179289847,1393.5249000758238,69676.2450037912,139352.4900075824,12.718679643549185,635.9339821774594,1271.8679643549187
2026-07-19,DeepSeek R1 (Azure),128k,DeepSeek-R1-0528,27.0,−27,9%,16%,37%,55%,31%,16%,15%,81%,40%,40%,1%,--,--,77%,76%,83,62,76,86,94,25.72,25.72,3.762,13.479999999999999,37.92999999999999,47.767999999999994,Long,1500,DGX H200/H100,Azure,5.6,4.6,0.055,0.075,0.0625,1.12,0.3,4.35,0.34,DeepSeek,Large,9.83447069558115,3.2387045765465623,8.277635758612826,2.72600505347488,9.056053227096987,2.982354815010721,3.3437200364975914,1.1011595560258314,2.8143961579283614,0.9268417181814592,3.0790580972129757,1.0140006371036452,2.634233222030665,0.8675101544321149,2.217223863914149,0.7301799250379143,2.4257285429724074,0.7988450397350145,42.779947525778006,14.088364907977544,36.00771554996578,11.858121982615726,39.3938315378719,12.973243445296635,45.414180747808665,14.955875062409659,38.224939413879945,12.58830190765364,41.819560080844305,13.77208848503165,9056.053227096987,3079.0580972129756,41819.560080844305,452802.66135484935,153952.9048606488,2090978.0040422152,90560.53227096987,307905.8097212976,4181956.0080844304,8270.36824392419,7.534154099082352,413518.4121962095,82703.6824392419,376.7077049541176,75.34154099082352,34849.63340070359,1742481.6700351795,3484963.340070359,16.727824032337722,836.3912016168861,1672.7824032337721,669.3604559158643,33468.022795793215,66936.04559158643,6.1092422563749516,305.4621128187476,610.9242256374952
2026-07-19,Gemini 2.5 Flash (Vertex),1m,google/gemini-2.5-flash,27.0,−28,10%,14%,32%,62%,25%,29%,11%,79%,39%,50%,1%,--,69%,70%,73%,199,131,148,238,271,21.49,21.49,5.38,12.12,35.43,60.96,Long,1500,TPU V6e,Google,1.2,0.96,0.1,0.1125,0.1,1.09,0.3,1.1,0.231,Google,Large,2.3921534258427335,1.2186030774938865,2.2368187878009973,1.139473007526751,2.314486106821865,1.1790380425103186,0.5525874413696715,0.28149731090108776,0.5167051399820304,0.26321826473867943,0.5346462906758509,0.27235778781988357,0.6583908511493762,0.33539534242950997,0.6156381984773388,0.31361642408993134,0.6370145248133574,0.3245058832597207,2.631368768427007,1.340463385243275,2.4605006665810976,1.253420308279426,2.5459347175040525,1.2969418467613505,3.289759619576383,1.675858727672785,3.0761388650584367,1.5670367323693575,3.18294924231741,1.6214477300210712,2314.486106821865,534.6462906758509,3182.94924231741,115724.30534109326,26732.314533792545,159147.4621158705,23144.86106821865,53464.62906758509,318294.924231741,2113.6859423030733,1.9255292070065435,105684.29711515366,21136.85942303073,96.27646035032717,19.255292070065433,2652.457701931175,132622.88509655875,265245.7701931175,1.273179696926964,63.6589848463482,127.3179696926964,116.2274544947502,5811.37272473751,11622.74544947502,1.0608061322933549,53.04030661466775,106.0806132293355
2026-07-19,GPT-5 nano (high),400k,gpt-5-nano-2025-08-07,27.0,−28,13%,12%,37%,42%,18%,44%,8%,68%,37%,68%,0%,--,61%,79%,84%,157,109,138,168,197,92.19,92.19,36.14,47.77,129.63,188.98,Long,1500,DGX H200/H100,Azure,5.6,4.6,0.017,0.025,0.016,1.12,0.3,4.35,0.34,OpenAI,Small,7.1091958016246055,3.2590440143247412,5.618128517388734,2.575499202331537,6.363662159506669,2.917271608328139,2.417126572552366,1.108074964870412,1.9101636959121697,0.8756697287927228,2.1636451342322682,0.9918723468315673,1.9042488754351619,0.8729582181226984,1.504855852871982,0.6898658577673759,1.7045523641535718,0.7814120379450372,30.92500173706703,14.176841462312623,24.438859050640993,11.203421530142185,27.68193039385401,12.690131496227403,32.82925061250219,15.049799680435322,25.943714903512973,11.893287387909561,29.38648275800758,13.471543534172442,6363.662159506669,2163.6451342322684,29386.48275800758,318183.1079753334,108182.2567116134,1469324.137900379,63636.62159506669,216364.5134232268,2938648.275800758,5811.563615987826,5.294228086112038,290578.18079939124,58115.63615987825,264.71140430560183,52.94228086112037,24488.735631672986,1224436.7815836493,2448873.5631672987,11.754593103203032,587.7296551601517,1175.4593103203033,470.35763787658016,23517.881893829002,47035.763787658005,4.292946694905295,214.6473347452647,429.2946694905294
2026-07-19,GPT-4.1,1m,gpt-4.1-2025-04-14,26.0,−36,14%,14%,47%,61%,24%,20%,5%,67%,38%,43%,0%,--,61%,46%,35%,115,55,96,136,178,1.13,1.13,0.81,0.89,1.26,1.88,Long,1500,DGX H200/H100,Azure,5.6,4.6,0.055,0.075,0.0625,1.12,0.3,4.35,0.34,OpenAI,Large,3.412730406993182,1.1367329868282527,2.8724819185363106,0.9567837366165715,3.1426061627647464,1.046758361722412,1.160328338377682,0.3864892155216059,0.9766438523023456,0.3253064704496343,1.0684860953400137,0.3558978429856201,0.9141242161588878,0.3044820500432819,0.7694147996079401,0.2562813580222959,0.841769507883414,0.2803817040327889,14.845377270420341,4.944788492702899,12.49529634563295,4.1620092542820855,13.670336808026644,4.553398873492492,15.759501486579227,5.24927054274618,13.26471114524089,4.418290612304381,14.512106315910057,4.83378057752528,3142.6061627647464,1068.4860953400137,14512.106315910056,157130.30813823733,53424.304767000685,725605.3157955029,31426.061627647465,106848.60953400137,1451210.6315910057,2869.9599659952023,2.6144810006362285,143497.99829976013,28699.599659952022,130.72405003181143,26.144810006362285,12093.421929925047,604671.0964962525,1209342.192992505,5.804842526364022,290.24212631820114,580.4842526364023,232.27958594348124,11613.979297174063,23227.958594348125,2.1200120939285987,106.00060469642993,212.00120939285986
2026-07-19,GPT-5 nano (medium),400k,gpt-5-nano-2025-08-07,26.0,−25,5%,17%,30%,40%,16%,51%,8%,67%,34%,66%,0%,--,58%,76%,78%,157,116,133,173,202,43.24,43.24,13.86,19.78,71.49,85.51,Long,1500,DGX H200/H100,Azure,5.6,4.6,0.017,0.025,0.016,1.12,0.3,4.35,0.34,OpenAI,Small,3.739376755347326,1.7018607443194722,2.9550879976714826,1.3449161687318678,3.3472323765094045,1.5233884565256697,1.2713880968180908,0.5786326530686206,1.0047299192083041,0.45727149736883504,1.1380590080131976,0.5179520752187279,1.001618773753748,0.4558555565141442,0.7915414279477185,0.3602454023388931,0.8965801008507333,0.4080504794265187,16.26628888576087,7.403094237789703,12.854632789870948,5.850385333983623,14.560460837815908,6.626739785886663,17.267907659514616,7.8589497943038475,13.646174217818668,6.210630736322517,15.457040938666642,7.034790265313183,3347.2323765094047,1138.0590080131976,15457.040938666642,167361.61882547024,56902.95040065988,772852.0469333321,33472.32376509404,113805.90080131976,1545704.0938666642,3056.833220556534,2.7847191152324497,152841.66102782672,30568.332205565337,139.2359557616225,27.847191152324495,12880.867448888868,644043.3724444434,1288086.7448888868,6.182816375466657,309.14081877333285,618.2816375466657,247.4041321767821,12370.206608839106,24740.41321767821,2.258053587327773,112.90267936638865,225.8053587327773
2026-07-19,o3-mini (high),200k,o3-mini,25.0,−41,12%,6%,31%,39%,21%,21%,12%,77%,40%,67%,0%,--,--,73%,--,173,103,145,189,225,24.7,24.7,12.12,16.69,85.94,123.41,Long,1500,DGX H200/H100,Azure,5.6,4.6,0.03,0.045,0.03125,1.12,0.3,4.35,0.34,OpenAI,Medium,7.288946538859236,4.891930800796903,5.741829648741293,3.8535929934262394,6.515388093800264,4.372761897111571,2.47824182321214,1.6632564722709469,1.9522220805720396,1.3102216177649215,2.2152319518920898,1.4867390450179343,1.9523963943372946,1.310338607356313,1.5379900844842744,1.0322124089534568,1.7451932394107845,1.171275508154885,31.706917444037675,21.279898983466527,24.97695897202462,16.76312952140414,28.34193820803115,19.02151425243533,33.65931383837498,22.590237590822838,26.514949056508897,17.795341930357598,30.08713144744193,20.192789760590216,6515.388093800264,2215.23195189209,30087.13144744193,325769.4046900132,110761.5975946045,1504356.5723720966,65153.88093800264,221523.195189209,3008713.144744193,5950.126113059602,5.420455984858789,297506.3056529801,59501.26113059602,271.0227992429394,54.20455984858789,25072.609539534944,1253630.4769767472,2507260.9539534943,12.034852578976773,601.7426289488386,1203.4852578976772,481.5721634548022,24078.60817274011,48157.21634548022,4.395301491849385,219.76507459246923,439.53014918493847
2026-07-19,Grok 3 Fast,131k,grok-3-fast-beta,25.0,−32,8%,11%,49%,55%,28%,15%,5%,69%,37%,47%,0%,--,--,43%,58%,86,25,55,125,149,5.91,5.91,1.69,2.88,7.82,81.72,Long,1500,DGX H200/H100,xAI,5.6,4.6,0.055,0.075,0.0625,1.5,0.36,3.142,0.385,xAI,Large,11.519258599621129,9.0202942879801,9.695715188797712,7.592346640978302,10.60748689420942,8.306320464479201,4.434914560854134,3.472813300872338,3.732850347687119,2.9230534567766457,4.083882454270627,3.197933378824492,2.7646220639090706,2.164870629115224,2.326971645311451,1.8221631938347924,2.5457968546102605,1.9935169114750078,36.19351052000958,28.341764652833472,30.463937123202406,23.85515314595382,33.328723821606005,26.09845889939365,38.958132583918655,30.506635281948693,32.790908768513866,25.67731633978861,35.87452067621625,28.091975810868654,10607.48689420942,4083.8824542706275,35874.52067621625,530374.344710471,204194.12271353137,1793726.0338108123,106074.8689420942,408388.24542706273,3587452.0676216246,9687.202643113626,8.824864304666738,484360.13215568126,96872.02643113626,441.2432152333369,88.24864304666738,29895.433896846876,1494771.6948423437,2989543.3896846874,14.3498082704865,717.4904135243249,1434.9808270486499,887.800533537093,44390.02667685465,88780.0533537093,8.102941377521086,405.1470688760543,810.2941377521086
2026-07-19,GPT-5 (minimal),400k,gpt-5-2025-08-07,24.0,−34,0%,18%,67%,25%,28%,14%,5%,67%,39%,46%,0%,--,62%,56%,32%,80,47,63,90,114,1.22,1.22,0.96,1.06,1.39,1.73,Long,1500,DGX H200/H100,Azure,5.6,4.6,0.055,0.075,0.0625,1.12,0.3,4.35,0.34,OpenAI,Large,4.764613618824898,1.2113407195644357,4.010356763265337,1.0195807752658954,4.3874851910451165,1.1154607474151654,1.619968630400465,0.41185584465190805,1.3635212995102146,0.3466574635904045,1.4917449649553398,0.3792566541211563,1.2762357907566686,0.3244662641690451,1.074202704446072,0.27310199337479346,1.1752192476013703,0.2987841287719193,20.726069241888297,5.269332130105294,17.445051920204214,4.435176372406645,19.085560581046252,4.852254251255969,22.002305032644962,5.593798394274338,18.519254624650284,4.708278365781439,20.260779828647625,5.151038380027889,4387.485191045116,1491.7449649553398,20260.779828647625,219374.25955225583,74587.248247767,1013038.9914323812,43874.851910451165,149174.496495534,2026077.9828647624,4006.8357909087817,3.650154069089115,200341.78954543913,40068.35790908783,182.50770345445576,36.501540690891154,16883.98319053969,844199.1595269843,1688398.3190539686,8.10431193145905,405.2155965729525,810.431193145905,324.29238368594343,16214.619184297175,32429.23836859435,2.959811438403452,147.9905719201726,295.9811438403452
2026-07-19,GPT-4.1 mini,1m,gpt-4.1-mini-2025-04-14,23.0,−50,6%,8%,53%,42%,18%,18%,5%,66%,40%,38%,0%,--,59%,48%,46%,80,24,62,96,113,0.89,0.89,0.6,0.67,1.2,1.97,Long,1500,DGX H200/H100,Azure,5.6,4.6,0.03,0.045,0.03125,1.12,0.3,4.35,0.34,OpenAI,Medium,3.046615237387042,1.616220050746998,2.3999552754400764,1.2731689218455502,2.7232852564135595,1.4446944862962743,1.0358491807115946,0.5495148172539793,0.815984793649626,0.43287743342748725,0.9259169871806103,0.4911961253407332,0.8160576528715291,0.43291608502151724,0.6428451630643062,0.34102738978005814,0.7294514079679175,0.38697173740078766,13.25277628263363,7.030557220749441,10.439805448164332,5.538284810028144,11.846290865398984,6.2844210153887925,14.06883393550516,7.4634733057709575,11.082650611228638,5.8793121998082025,12.575742273366899,6.67139275278958,2723.2852564135596,925.9169871806104,12575.7422733669,136164.26282067798,46295.84935903052,628787.113668345,27232.852564135595,92591.69871806104,1257574.22733669,2487.018499007817,2.265628333122762,124350.92495039085,24870.18499007817,113.28141665613808,22.656283331227616,10479.785227805749,523989.26139028755,1047978.5227805751,5.0302969093467595,251.514845467338,503.029690934676,201.28630156100226,10064.315078050115,20128.63015610023,1.8371368793266079,91.8568439663304,183.7136879326608
2026-07-19,DeepSeek V3 (Azure),128k,DeepSeek-V3-0324,22.0,−38,0%,15%,47%,41%,22%,23%,5%,65%,36%,41%,0%,--,--,41%,41%,92,78,87,98,109,1.85,1.85,1.69,1.77,1.95,2.12,Long,1500,DGX H200/H100,Azure,5.6,4.6,0.055,0.075,0.0625,1.12,0.3,4.35,0.34,DeepSeek,Large,4.005847602890693,0.3491831590057839,3.371706356920717,0.2939061076861403,3.688776979905705,0.3215446333459621,1.3619881849828357,0.11872227406196653,1.146380161353044,0.0999280766132877,1.2541841731679397,0.10932517533762712,1.0729948936314355,0.09353120330512067,0.9031356313180492,0.07872485027307327,0.9880652624747422,0.08612802678909696,17.42543707257451,1.5189467416751596,14.666922652605118,1.27849156843471,16.046179862589813,1.398719155054935,18.49843196620595,1.6124779449802804,15.570058283923169,1.3572164187077835,17.034245125064555,1.484847181844032,3688.776979905705,1254.1841731679397,17034.245125064554,184438.84899528525,62709.20865839699,851712.2562532277,36887.769799057045,125418.41731679397,1703424.5125064554,3368.746100370507,3.068866039854996,168437.30501852534,33687.461003705066,153.4433019927498,30.688660398549953,14195.204270887129,709760.2135443564,1419520.4270887128,6.813698050025821,340.6849025012911,681.3698050025822,272.6487332973782,13632.436664868912,27264.873329737824,2.4884606610474993,124.42303305237498,248.84606610474995
2026-07-19,GPT-5 mini (minimal),400k,gpt-5-mini-2025-08-07,21.0,−54,0%,14%,32%,36%,18%,12%,5%,69%,37%,46%,0%,--,58%,54%,47%,100,67,83,126,159,0.94,0.94,0.62,0.78,1.27,2.02,Long,1500,DGX H200/H100,Azure,5.6,4.6,0.03,0.045,0.03125,1.12,0.3,4.35,0.34,OpenAI,Medium,2.0007290986565955,0.5004217637287287,1.5760639204199465,0.39420463636748243,1.788396509538271,0.44731320004810554,0.6802478935432427,0.17014339966776776,0.5358617329427817,0.13402957636494403,0.6080548132430122,0.15208648801635588,0.5359095799973025,0.13404154385590944,0.4221599786839141,0.10559052759843277,0.47903477934060823,0.11981603572717109,8.703171579156193,2.17683467221997,6.855878053826765,1.7147901681985482,7.77952481649148,1.9458124202092588,9.239081159153493,2.310876216075879,7.278038032510681,1.8203806957969813,8.258559595832088,2.06562845593643,1788.396509538271,608.0548132430123,8258.559595832088,89419.82547691354,30402.740662150612,412927.9797916044,17883.965095382708,60805.481324301225,825855.9595832088,1633.238821496138,1.487850673492738,81661.94107480689,16332.388214961376,74.3925336746369,14.878506734927377,6882.1329965267405,344106.649826337,688213.299652674,3.303423838332835,165.17119191664176,330.3423838332835,132.18582896587225,6609.291448293612,13218.582896587224,1.2064579627837546,60.32289813918772,120.64579627837544
2026-07-19,Mistral Medium 3,131k,mistral-medium-2505,19.0,−31,4%,4%,24%,28%,18%,39%,4%,58%,33%,39%,0%,--,53%,40%,30%,35,27,31,39,61,1.44,1.44,1.29,1.39,1.56,1.65,Long,1500,DGX H200/H100,Azure,5.6,4.6,0.055,0.075,0.0625,1.12,0.3,4.35,0.34,Mistral AI,Large,9.560945588074132,1.9607254550269189,8.047410738795964,1.6503349943018089,8.804178163435049,1.8055302246643636,3.250721499945205,0.6666466547091524,2.736119651190629,0.561113898062615,2.993420575567917,0.6138802763858837,2.560967568234142,0.5251943183107817,2.155556447891776,0.4420540163308417,2.3582620080629595,0.4836241673208117,41.590113308122476,8.529155729367094,35.00623671376245,7.178957225212869,38.29817501094246,7.854056477289982,44.151080876356616,9.054350047677877,37.161793161654224,7.62101124154371,40.656437019005416,8.337680644610794,8804.178163435048,2993.420575567917,40656.43701900542,440208.90817175247,149671.02877839585,2032821.850950271,88041.7816343505,299342.0575567917,4065643.701900542,8040.345354735204,7.324607457100706,402017.26773676026,80403.45354735205,366.23037285503534,73.24607457100707,33880.36418250452,1694018.209125226,3388036.418250452,16.262574807602167,813.1287403801084,1626.2574807602168,650.7436033843297,32537.18016921649,65074.36033843298,5.939326538825232,296.9663269412616,593.9326538825233
2026-07-19,GPT-4o (Aug),128k,gpt-4o-2024-08-06,19.0,−22,0%,8%,29%,35%,24%,41%,3%,52%,33%,36%,0%,--,56%,32%,--,113,59,88,153,192,1.3,1.3,0.85,0.95,1.55,3.37,Long,1500,DGX H200/H100,Azure,5.6,4.6,0.055,0.075,0.0625,1.12,0.3,4.35,0.34,OpenAI,Large,3.444674316022883,1.192441001403013,2.899368982603005,1.0036729559512283,3.172021649312944,1.0980569786771208,1.1711892674477802,0.40542994047702446,0.9857854540850218,0.34124880502341765,1.078487360766401,0.37333937275022105,0.922680620363272,0.31940383966152125,0.776616691768662,0.268840970344079,0.8496486560659671,0.2941224050028001,14.984333274699537,5.187118356103106,12.61225507432307,4.365977358387843,13.798294174511303,4.7765478572454745,15.907013895062809,5.506522195764626,13.388871766091734,4.634818328731923,14.647942830577273,5.070670262248274,3172.0216493129437,1078.487360766401,14647.942830577273,158601.08246564717,53924.36803832005,732397.1415288637,31720.216493129436,107848.7360766401,1464794.2830577274,2896.823424030086,2.6389531192287388,144841.17120150427,28968.234240300855,131.9476559614369,26.389531192287382,12206.61902548106,610330.9512740531,1220661.9025481062,5.859177132230909,292.95885661154546,585.9177132230909,234.45377407965242,11722.68870398262,23445.37740796524,2.13985587453651,106.9927937268255,213.985587453651
2026-07-19,Llama 4 Maverick,128k,us.meta.llama4-maverick-17b-instruct-v1:0,18.0,−42,0%,7%,18%,46%,24%,13%,5%,67%,33%,43%,0%,--,62%,40%,19%,222,151,206,267,309,0.81,0.81,0.74,0.78,0.91,1.74,Long,1500,DGX H200/H100,AWS,5.6,4.6,0.0075,0.0125,0.0087,1.14,0.18,5.12,0.3,Meta,Micro,0.26897195768750526,0.05310981249704268,0.20051881448399547,0.03959340866212907,0.23474538608575038,0.046351610579585874,0.08069158730625159,0.015932943749112805,0.06015564434519865,0.01187802259863872,0.0704236158257251,0.013905483173875762,0.04246925647697451,0.008385759867954107,0.03166086544484139,0.0062515908413888,0.03706506096090795,0.007318675354671454,1.3771364233600272,0.2719222399848585,1.026656330158057,0.20271825235010082,1.201896376759042,0.23732024616747968,1.4196056798370014,0.28030799985281263,1.058317195602898,0.20896984319148965,1.2389614377199496,0.2446389215221511,234.74538608575037,70.4236158257251,1238.9614377199496,11737.26930428752,3521.1807912862546,61948.07188599748,2347.453860857504,7042.361582572509,123896.14377199496,214.37934802351631,0.19529566230095705,10718.967401175818,2143.7934802351633,9.764783115047853,1.9529566230095707,1032.4678647666246,51623.393238331235,103246.78647666247,0.4955845750879798,24.779228754398993,49.558457508797986,15.309481701244586,765.4740850622293,1530.9481701244586,0.13972939647961327,6.986469823980664,13.972939647961327
2026-07-19,Llama 3.1 405B Latency Optimized,128k,us.meta.llama3-1-405b-instruct-v1:0,17.0,−17,0%,7%,19%,24%,22%,49%,4%,52%,30%,39%,0%,--,--,30%,3%,72,58,65,86,97,2.46,2.46,2.29,2.39,2.5,3.66,Long,1500,DGX H200/H100,AWS,5.6,4.6,0.055,0.075,0.0625,1.14,0.18,5.12,0.3,Meta,Large,5.168435827829856,0.7618422203432945,4.35025234695785,0.6412396356387728,4.759344087393853,0.7015409279910337,1.550530748348957,0.22855266610298833,1.305075704087355,0.19237189069163185,1.427803226218156,0.21046227839731008,0.8160688149205036,0.12029087689630966,0.6868819495196605,0.10124836352191151,0.7514753822200821,0.11076962020911059,26.46239143848886,3.9006321681576677,22.273292016424193,3.283146934470517,24.367841727456526,3.5918895513140923,27.278460253409367,4.020923045053978,22.960173965943852,3.384395297992428,25.11931710967661,3.7026591715232033,4759.3440873938525,1427.803226218156,25119.317109676613,237967.20436969263,71390.1613109078,1255965.8554838307,47593.440873938525,142780.3226218156,2511931.7109676613,4346.432956524066,3.959520871375917,217321.64782620332,43464.32956524067,197.97604356879586,39.59520871375917,20932.764258063846,1046638.2129031923,2093276.4258063845,10.047726843870645,502.38634219353224,1004.7726843870645,310.39200569959917,15519.600284979959,31039.200569959918,2.8329429091630076,141.6471454581504,283.2942909163008
2026-07-19,Llama 3.1 405B Standard,128k,meta.llama3-1-405b-instruct-v1:0,17.0,−17,0%,7%,19%,24%,22%,49%,4%,52%,30%,39%,0%,--,--,30%,3%,362,301,328,396,423,105.76,105.76,71.15,86.53,124.98,140.36,Long,1500,DGX H200/H100,AWS,5.6,4.6,0.055,0.075,0.0625,1.14,0.18,5.12,0.3,Meta,Large,24.664170360731866,4.923906037132429,20.75973632482802,4.144432572596977,22.71195334277994,4.534169304864704,7.399251108219559,1.4771718111397287,6.2279208974484055,1.2433297717790932,6.813586002833982,1.3602507914594109,3.89434268853661,0.7774588479682785,3.2778531039202132,0.6543840904100491,3.586097896228412,0.7159214691891637,126.28055224694718,25.210398910118037,106.28984998311947,21.219494771696525,116.2852011150333,23.21494684090728,130.1748949354838,25.98785775808632,109.56770308703967,21.873878862106572,119.87129901126173,23.930868310096447,22711.95334277994,6813.586002833982,119871.29901126173,1135597.667138997,340679.3001416991,5993564.950563086,227119.53342779938,681358.6002833982,11987129.901126172,20741.509902082136,18.89513589249579,1037075.4951041068,207415.09902082136,944.7567946247896,188.9513589249579,99892.74917605144,4994637.458802572,9989274.917605145,47.94851960450469,2397.4259802252345,4794.851960450469,1481.2143484421701,74060.7174221085,148121.434844217,13.51901984689282,675.950992344641,1351.901984689282
2026-07-19,GPT-4o (Nov),128k,gpt-4o-2024-11-20,17.0,−11,0%,8%,25%,0%,20%,62%,3%,54%,33%,34%,0%,--,--,31%,6%,173,84,131,195,223,1.02,1.02,0.63,0.78,1.37,1.97,Long,1500,DGX H200/H100,Azure,5.6,4.6,0.055,0.075,0.0625,1.12,0.3,4.35,0.34,OpenAI,Large,2.455659223448207,0.7399550065718226,2.066918823411175,0.6228172528813006,2.261289023429691,0.6813861297265617,0.8349241359723903,0.2515847022344197,0.7027523999597998,0.21175786597964225,0.7688382679660949,0.23167128410703094,0.6577658634236266,0.19820223390316674,0.5536389705565647,0.1668260498789198,0.6057024169900956,0.18251414189104326,10.682117621999698,3.218804278587428,8.991096881838613,2.7092550500336574,9.836607251919157,2.9640296643105426,11.339883485423325,3.417006512490595,9.544735852395178,2.876081099912578,10.442309668909251,3.146543806201586,2261.289023429691,768.8382679660949,10442.30966890925,113064.45117148456,38441.91339830474,522115.4834454626,22612.890234296912,76883.82679660949,1044230.9668909252,2065.1041309860193,1.8812720660812738,103255.20654930097,20651.041309860193,94.06360330406369,18.81272066081274,8701.924724091043,435096.2362045522,870192.4724091043,4.1769238675637,208.84619337818503,417.69238675637007,167.13875390567281,8356.937695283641,16713.875390567282,1.525472753900982,76.27363769504909,152.54727539009818
2026-07-19,Llama 3.3 70B,128k,us.meta.llama3-3-70b-instruct-v1:0,14.0,−52,0%,3%,27%,15%,18%,15%,4%,50%,26%,47%,0%,--,--,29%,8%,119,70,95,165,194,1.22,1.22,1.1,1.15,1.5,5.15,Long,1500,DGX H200/H100,AWS,5.6,4.6,0.03,0.045,0.03125,1.14,0.18,5.12,0.3,Meta,Medium,1.8566979735157498,0.5841296452043918,1.4626041522262412,0.46014508374597385,1.6596510628709957,0.5221373644751829,0.5570093920547249,0.17523889356131755,0.43878124566787235,0.13804352512379214,0.49789531886129873,0.15664120934255485,0.2931628379235394,0.09223099661121976,0.23093749771993283,0.07265448690725904,0.2620501678217362,0.08244274175923941,9.506293624400639,2.9907437834464865,7.488533259398355,2.355942828779386,8.497413441899498,2.673343306112936,9.799456462324178,3.082974780057706,7.7194707571182875,2.428597315686645,8.759463609721234,2.7557860478721756,1659.6510628709957,497.89531886129873,8759.463609721233,82982.55314354978,24894.765943064936,437973.18048606167,16596.510628709955,49789.53188612987,875946.3609721233,1515.6630711150647,1.3807413168643892,75783.15355575323,15156.630711150645,69.03706584321945,13.80741316864389,7299.553008101028,364977.6504050514,729955.3008101028,3.5037854438884932,175.18927219442466,350.3785443888493,108.23811279593451,5411.905639796726,10823.811279593452,0.9878875374232118,49.39437687116059,98.78875374232118
2026-07-19,GPT-5 nano (minimal),400k,gpt-5-nano-2025-08-07,14.0,−64,0%,7%,26%,20%,11%,16%,4%,43%,29%,33%,0%,--,32%,47%,27%,169,123,141,182,191,0.98,0.98,0.67,0.84,1.32,2.49,Long,1500,DGX H200/H100,Azure,5.6,4.6,0.017,0.025,0.016,1.12,0.3,4.35,0.34,OpenAI,Small,0.708342343103512,0.10893980563687854,0.5597761587821761,0.08609100745086656,0.6340592509428441,0.09751540654387256,0.24083639665519413,0.037039533916538706,0.1903238939859399,0.029270942533294635,0.21558014532056696,0.03315523822491667,0.18973455618844068,0.029180305081306746,0.14994004253094004,0.023060091281482113,0.16983729935969039,0.02612019818139443,3.0812891925002766,0.4738881545204216,2.435026290702466,0.3744958824112696,2.7581577416013716,0.4241920184658456,3.2710237486887173,0.5030684596017284,2.5849663332334063,0.39755597369275164,2.927995040961062,0.45031221664723997,634.0592509428441,215.58014532056697,2927.995040961062,31702.962547142208,10779.007266028348,146399.7520480531,6340.592509428441,21558.014532056695,292799.5040961062,579.0495442400403,0.5275035365581066,28952.477212002017,5790.495442400403,26.37517682790533,5.275035365581066,2439.9958674675518,121999.7933733776,243999.5867467552,1.1711980163844247,58.55990081922124,117.11980163844248,46.865248982731956,2343.2624491365973,4686.524898273195,0.4277383835725535,21.386919178627675,42.77383835725535
2026-07-19,Llama 4 Scout,128k,us.meta.llama4-scout-17b-instruct-v1:0,14.0,−52,0%,2%,15%,26%,15%,22%,4%,59%,17%,40%,0%,--,53%,30%,14%,163,104,132,204,226,0.92,0.92,0.77,0.85,1.14,2.42,Long,1500,DGX H200/H100,AWS,5.6,4.6,0.0075,0.0125,0.0087,1.14,0.18,5.12,0.3,Meta,Micro,0.37494598012538305,0.09079329585220164,0.2795225349016898,0.0676864763297362,0.32723425751353635,0.07923988609096891,0.11248379403761488,0.027237988755660487,0.08385676047050693,0.020305942898920862,0.09817027725406093,0.023771965827290673,0.05920199686190257,0.014335783555610784,0.0441351370897405,0.010687338367853086,0.05166856697582154,0.012511560961731937,1.9197234182419607,0.46486167476327234,1.4311553786966515,0.34655475880824943,1.6754393984693063,0.40570821678576086,1.978925415103863,0.47919745831888316,1.4752905157863923,0.35724209717610245,1.7271079654451278,0.4182197777474928,327.23425751353636,98.17027725406092,1727.1079654451278,16361.71287567682,4908.5138627030465,86355.3982722564,3272.342575135364,9817.027725406093,172710.7965445128,298.84407078861767,0.27224147879661925,14942.203539430886,2988.4407078861773,13.612073939830966,2.722414787966193,1439.2566378709398,71962.831893547,143925.663787094,0.6908431861780511,34.542159308902555,69.08431861780511,21.34136462044803,1067.0682310224015,2134.136462044803,0.19478229613900977,9.73911480695049,19.47822961390098
2026-07-19,GPT-4.1 nano,1m,gpt-4.1-nano-2025-04-14,13.0,−56,0%,4%,17%,17%,13%,20%,4%,51%,26%,32%,0%,--,40%,33%,24%,177,95,159,207,238,0.8,0.8,0.4,0.52,1.02,4.92,Long,1500,DGX H200/H100,Azure,5.6,4.6,0.017,0.025,0.016,1.12,0.3,4.35,0.34,OpenAI,Small,0.691532405740587,0.21165969529637943,0.5464919011657824,0.1672666505900227,0.6190121534531848,0.18946317294320109,0.2351210179517996,0.07196429640076901,0.18580724639636603,0.05687066120060772,0.21046413217408283,0.06441747880068836,0.18523189439480012,0.05669456124010163,0.14638175924083457,0.04480356712232751,0.1658068268178173,0.05074906418121457,3.0081659649715538,0.9207196745392504,2.377239770071153,0.7276099300665987,2.692702867521353,0.8241648023029247,3.1933978593663532,0.977414235779352,2.5236215293119875,0.7724134971889262,2.858509694339171,0.8749138664841392,619.0121534531849,210.46413217408283,2858.509694339171,30950.60767265924,10523.206608704142,142925.48471695854,6190.121534531849,21046.413217408284,285850.9694339171,565.3079026969725,0.5149851526232819,28265.395134848623,5653.079026969725,25.74925763116409,5.149851526232819,2382.091411949309,119104.57059746546,238209.1411949309,1.1434038777356683,57.170193886783416,114.34038777356683,45.75307221175714,2287.653610587857,4575.307221175714,0.4175875638374659,20.879378191873297,41.758756383746594
2026-07-19,Llama 3.1 70B Standard,128k,meta.llama3-1-70b-instruct-v1:0,12.0,−41,0%,3%,15%,6%,19%,25%,5%,41%,27%,34%,0%,--,--,23%,4%,14,12,14,14,14,42.3,42.3,42.19,42.23,42.46,45.64,Long,1500,DGX H200/H100,AWS,5.6,4.6,0.03,0.045,0.03125,1.14,0.18,5.12,0.3,Meta,Medium,19.11689520654958,0.7097771405531822,15.059234568899129,0.559123243379544,17.088064887724357,0.6344501919663631,5.735068561964873,0.2129331421659547,4.517770370669739,0.16773697301386317,5.126419466317306,0.19033505758990893,3.0184571378762493,0.11207007482418667,2.3777738792998626,0.08828261737571748,2.6981155085880553,0.10017634609995207,97.87850345753382,3.6340589596322928,77.10328099276354,2.8627110061032655,87.49089222514868,3.248384982867779,100.89696059541009,3.7461290344564793,79.4810548720634,2.950993623478983,90.18900773373674,3.3485613289677314,17088.06488772436,5126.419466317306,90189.00773373674,854403.2443862179,256320.97331586527,4509450.386686837,170880.64887724357,512641.94663173053,9018900.773373675,15605.538710250556,14.216360139537736,780276.9355125278,156055.38710250554,710.8180069768867,142.16360139537736,75157.50644478062,3757875.322239031,7515750.644478062,36.0756030934947,1803.7801546747348,3607.5603093494697,1114.4390144168058,55721.95072084028,111443.90144168056,10.171467195074019,508.5733597537009,1017.1467195074018
2026-07-19,Llama 3.1 70B Latency Optimized,128k,us.meta.llama3-1-70b-instruct-v1:0,12.0,−41,0%,3%,15%,6%,19%,25%,5%,41%,27%,34%,0%,--,--,23%,4%,120,87,113,139,163,1.35,1.35,1.19,1.25,1.49,4.09,Long,1500,DGX H200/H100,AWS,5.6,4.6,0.03,0.045,0.03125,1.14,0.18,5.12,0.3,Meta,Medium,1.7788908505328618,0.3230719664304743,1.4013119965979017,0.25449825782615376,1.5901014235653816,0.28878511212831404,0.5336672551598584,0.09692158992914228,0.4203935989793704,0.07634947734784611,0.4770304270696144,0.08663553363849422,0.280877502715715,0.05101136312060121,0.22125978893651077,0.04018393544623481,0.2510686458261129,0.045597649283418,9.107921154728249,1.6541284681240285,7.174717422581257,1.3030310800699074,8.141319288654755,1.4785797740969677,9.388798657443965,1.7051398312446295,7.395977211517767,1.343215015516142,8.392387934480867,1.524177423380386,1590.1014235653815,477.0304270696144,8392.387934480867,79505.07117826908,23851.52135348072,419619.39672404336,15901.014235653816,47703.04270696144,839238.7934480867,1452.1474187811705,1.3228797201043108,72607.37093905851,14521.474187811706,66.14398600521554,13.228797201043108,6993.656612067389,349682.83060336945,699365.6612067389,3.3569551737923464,167.84775868961734,335.6955173792347,103.702266754264,5185.1133377132,10370.2266754264,0.9464889425984413,47.32444712992206,94.64889425984413
2026-07-19,Llama 3.1 8B,128k,meta.llama3-1-8b-instruct-v1:0,12.0,−30,0%,1%,16%,16%,8%,58%,5%,26%,13%,29%,0%,--,--,12%,4%,193,114,154,206,224,0.77,0.77,0.68,0.74,0.86,1.55,Long,1500,DGX H200/H100,AWS,5.6,4.6,0.0075,0.0125,0.0087,1.14,0.18,5.12,0.3,Meta,Micro,0.3339166927520408,0.07025385307165655,0.24893516760154863,0.0523743049348961,0.2914259301767947,0.061314079003276324,0.10017500782561221,0.02107615592149696,0.0746805502804646,0.01571229148046883,0.08742777905303842,0.018394223700982898,0.0527236883292696,0.01109271364289314,0.03930555277919189,0.008269627094983596,0.046014620554230744,0.009681170368938367,1.7096534668904488,0.3596997277268816,1.274548058119929,0.2681564412666681,1.492100762505189,0.3139280844967748,1.7623771552197185,0.37079244136977463,1.313853610899121,0.27642606836165173,1.5381153830594199,0.3236092548657132,291.4259301767947,87.42777905303842,1538.1153830594199,14571.296508839736,4371.388952651921,76905.76915297098,2914.259301767947,8742.777905303841,153811.53830594197,266.14240198794033,0.24245085705224184,13307.12009939702,2661.4240198794037,12.122542852612094,2.4245085705224185,1281.7628192161833,64088.140960809156,128176.28192161831,0.615246153223768,30.762307661188395,61.52461532237679,19.00603892457357,950.3019462286785,1900.603892457357,0.17346781558142543,8.673390779071271,17.346781558142542
2026-07-19,Llama 3.2 11B (Vision),128k,us.meta.llama3-2-11b-instruct-v1:0,9.0,−63,--,1%,15%,12%,10%,18%,5%,22%,11%,30%,0%,--,29%,11%,2%,49,43,45,52,53,0.83,0.83,0.67,0.73,0.92,2.16,Long,1500,DGX H200/H100,AWS,5.6,4.6,0.0075,0.0125,0.0087,1.14,0.18,5.12,0.3,Meta,Micro,1.1185628070013278,0.08417651984676983,0.8338894876408735,0.0627536644049451,0.9762261473211007,0.07346509212585747,0.33556884210039833,0.025252955954030945,0.25016684629226205,0.018826099321483533,0.2928678441963302,0.02203952763775724,0.17661518005284124,0.013291029449489972,0.1316667612064537,0.009908473327096597,0.15414097062964746,0.011599751388293287,5.727041571846798,0.4309837816154615,4.269514176721272,0.32129876175331895,4.998277874284034,0.37614127168439027,5.903656751899639,0.44427481106495154,4.401180937927725,0.33120723508041555,5.152418844913683,0.38774102307268354,976.2261473211007,292.8678441963302,5152.418844913683,48811.307366055036,14643.392209816511,257620.94224568416,9762.261473211007,29286.784419633022,515241.8844913683,891.5307281471239,0.8121681758079041,44576.5364073562,8915.30728147124,40.6084087903952,8.12168175807904,4293.682370761402,214684.11853807015,429368.2370761403,2.0609675379654733,103.04837689827366,206.09675379654732,63.66692265137614,3183.346132568807,6366.692265137614,0.5810869924530362,29.05434962265181,58.10869924530362
2026-07-19,Llama 3.2 1B,128k,us.meta.llama3-2-1b-instruct-v1:0,6.0,−55,--,0%,0%,5%,7%,33%,5%,20%,2%,23%,0%,--,--,2%,0%,83,66,80,85,86,0.88,0.88,0.73,0.8,0.93,1.18,Long,1500,DGX H200/H100,AWS,5.6,4.6,0.0055,0.01,0.0087,1.14,0.18,5.12,0.3,Meta,Nano,0.5960221833173681,0.047814452958194684,0.43959894837050617,0.03526577336491717,0.5178105658439371,0.04154011316155593,0.17880665499521042,0.014344335887458403,0.13187968451115187,0.010579732009475151,0.15534316975318113,0.012462033948466778,0.09410876578695286,0.007549650467083371,0.0694103602690273,0.0055682800049869224,0.08175956302799008,0.006558965236035147,3.0516335785849247,0.2448099991459568,2.250746615656992,0.18056075962837592,2.651190097120958,0.21268537938716636,3.145742344371878,0.25235964961304014,2.320156975926019,0.18612903963336286,2.7329496601489485,0.2192443446232015,517.8105658439372,155.34316975318114,2732.9496601489486,25890.528292196857,7767.158487659057,136647.48300744742,5178.105658439372,15534.316975318114,273294.96601489483,472.88636150131254,0.43079082016966486,23644.318075065625,4728.863615013125,21.539541008483244,4.307908201696649,2277.458050124124,113872.90250620618,227745.80501241237,1.0931798640595793,54.65899320297897,109.31798640595794,33.77025429416982,1688.5127147084906,3377.0254294169813,0.30822057490710547,15.41102874535527,30.82205749071054
2026-07-19,Llama 3.2 90B (Vision),128k,us.meta.llama3-2-90b-instruct-v1:0,,--,--,--,--,--,--,--,5%,43%,24%,--,--,--,39%,21%,--,59,48,56,59,61,1.21,1.21,1.09,1.14,1.29,1.58,Long,1500,DGX H200/H100,AWS,5.6,4.6,0.055,0.075,0.0625,1.14,0.18,5.12,0.3,Meta,Large,6.207115982463511,0.4353444582267526,5.224505395840312,0.3664277383378532,5.715810689151913,0.400886098282303,1.8621347947390536,0.1306033374680258,1.5673516187520937,0.10992832150135595,1.7147432067455735,0.12026582948469088,0.980070944599502,0.068738598667382,0.8249219046063652,0.05785701131650314,0.9024964246029334,0.06329780499194257,31.780433830213187,2.2289636261209735,26.749467626702398,1.8761100202898084,29.26495072845779,2.0525368232053913,32.76050477481268,2.2977022247883556,27.574389531308757,1.9339670316063116,30.167447153060728,2.1158346281973337,5715.810689151913,1714.7432067455734,30167.447153060726,285790.53445759567,85737.16033727866,1508372.3576530365,57158.10689151913,171474.32067455733,3016744.715306073,5219.918437581656,4.75525015736432,260995.9218790828,52199.184375816556,237.76250786821603,47.5525015736432,25139.539294217273,1256976.9647108638,2513953.9294217275,12.06697886122429,603.3489430612146,1206.6978861224293,372.77026233599423,18638.51311679971,37277.02623359942,3.402268267352328,170.1134133676164,340.2268267352328
2026-07-19,GPT-4o (May),128k,gpt-4o,,--,--,--,--,--,--,--,3%,53%,31%,--,--,--,--,33%,--,116,53,78,152,178,1.02,1.02,0.75,0.94,1.33,12.23,Long,1500,DGX H200/H100,Azure,5.6,4.6,0.055,0.075,0.0625,1.12,0.3,4.35,0.34,OpenAI,Large,3.907609946276998,1.7020621360530857,3.2890201031914517,1.4326190841266606,3.598315024734225,1.5673406100898732,1.3285873817341791,0.5787011262580491,1.118266835085094,0.48709048860306464,1.2234271084096369,0.532895807430557,1.04668123560991,0.4559095007285051,0.8809875276405674,0.3837372546767841,0.9638343816252387,0.4198233777026446,16.998103266304945,7.403970291830923,14.307237448882812,6.231893015950973,15.652670357593875,6.817931653890948,18.044784501914855,7.859879792559428,15.188224976523381,6.615630270627758,16.616504739219117,7.2377550315935935,3598.3150247342246,1223.427108409637,16616.504739219115,179915.75123671122,61171.35542048184,830825.2369609559,35983.150247342244,122342.71084096369,1661650.4739219118,3286.1324426796573,2.99360650976225,164306.62213398286,32861.32442679657,149.6803254881125,29.9360650976225,13847.087282682596,692354.36413413,1384708.72826826,6.646601895687646,332.33009478438237,664.6601895687647,265.9624148716602,13298.120743583011,26596.241487166022,2.4274347389080098,121.37173694540049,242.74347389080097
2026-07-19,GPT-4 Turbo,128k,gpt-4-turbo,,--,--,--,--,--,--,--,3%,--,32%,--,--,--,--,29%,--,30,16,24,33,34,3.17,3.17,2.28,2.87,3.71,4.69,Long,1500,DGX A100,Azure,3.2,3.3,0.125,0.15,0.0625,1.12,0.3,4.35,0.34,OpenAI,Large,12.859743570232858,3.205806460457227,11.360611350752158,2.832087674538715,12.110177460492505,3.0189470674979715,4.372312813879171,1.0899741965554572,3.8626078592557334,0.9629098093431633,4.1174603365674525,1.0264420029493102,3.4445741705980857,0.8586981590510429,3.043020897522899,0.7585949128228702,3.243797534060492,0.8086465359369563,55.93988453051291,13.945258102988936,49.41865937577188,12.319581384243412,52.679271953142404,13.132419743616174,59.384458701110994,14.80395626203998,52.46168027329478,13.078176297066282,55.923069487202895,13.94106627955313,12110.177460492505,4117.460336567452,55923.0694872029,605508.8730246252,205873.0168283726,2796153.4743601447,121101.77460492504,411746.0336567452,5592306.948720289,11059.522794970324,10.075022845667641,552976.1397485163,110595.22794970324,503.7511422833821,100.75022845667641,46602.55790600242,2330127.8953001206,4660255.790600241,22.36922779488116,1118.461389744058,2236.922779488116,895.1000731668374,44755.00365834188,89510.00731668375,8.169564159856055,408.4782079928028,816.9564159856056
2026-07-19,GPT-4o mini,128k,gpt-4o-mini-2024-07-18,,--,--,--,--,--,--,--,4%,43%,23%,31%,--,--,42%,23%,15%,64,28,52,76,104,1.19,1.19,0.73,0.88,1.71,6.63,Long,1500,DGX A100,Azure,3.2,3.3,0.0625,0.07,0.0312,1.12,0.3,4.35,0.34,OpenAI,Medium,2.8819721284675777,1.123592163679657,2.670425361024399,1.0411165950219874,2.776198744745988,1.0823543793508223,0.9798705236789765,0.3820213356510835,0.9079446227482956,0.3539796423074757,0.943907573213636,0.3680004889792796,0.7719568201252439,0.3009621866999082,0.7152925074172496,0.27887051652374656,0.7436246637712469,0.2899163516118274,12.536578758833961,4.887625912006509,11.616350320456133,4.528857188345644,12.076464539645048,4.708241550176076,13.308535578959209,5.1885880987064175,12.331642827873383,4.80772770486939,12.820089203416297,4.998157901787904,2776.198744745988,943.907573213636,12820.089203416297,138809.9372372994,47195.3786606818,641004.4601708148,27761.98744745988,94390.7573213636,1282008.9203416295,2535.3413194027285,2.3096495380582263,126767.06597013643,25353.41319402729,115.48247690291132,23.09649538058226,10683.407669513581,534170.383475679,1068340.766951358,5.128035681366518,256.4017840683259,512.8035681366518,205.1972985247035,10259.864926235176,20519.72985247035,1.8728324865349921,93.64162432674961,187.28324865349921
2026-07-19,o3-mini,200k,o3-mini,,--,--,7%,29%,--,--,--,9%,75%,40%,--,--,--,--,72%,--,180,128,154,200,220,6.8,6.8,3.3,4.74,9.22,46.77,Long,1500,DGX H200/H100,Azure,5.6,4.6,0.03,0.045,0.03125,1.12,0.3,4.35,0.34,OpenAI,Medium,2.60169102280416,1.6377101434418673,2.049468544179904,1.2900976303676615,2.3255797834920315,1.4639038869047645,0.8845749477534145,0.5568214487702349,0.6968193050211673,0.4386331943250049,0.7906971263872908,0.49772732154762,0.6968815239653999,0.43867235985050007,0.5489647886196168,0.3455618652770522,0.6229231562925085,0.3921171125637762,11.317355949198095,7.124039123972121,8.91518816718258,5.611924692099327,10.116272058190336,6.367981908035725,12.014237473163497,7.562711483822621,9.464152955802199,5.957486557376379,10.739195214482844,6.760099020599501,2325.5797834920313,790.6971263872908,10739.195214482845,116278.98917460158,39534.856319364546,536959.7607241423,23255.797834920315,79069.71263872909,1073919.5214482846,2123.817153874001,1.9347585553178297,106190.85769370008,21238.171538740015,96.7379277658915,19.3475855531783,8949.329345402371,447466.4672701186,894932.9345402372,4.295678085793138,214.78390428965693,429.56780857931386,171.89067964941106,8594.533982470553,17189.067964941107,1.5688435047366882,78.44217523683442,156.88435047366883
2026-07-19,o3-pro,200k,o3-pro-2025-06-10,,--,--,--,--,--,--,--,--,85%,--,--,--,--,--,--,--,33,13,16,43,66,121.82,121.82,56.54,79.62,161.13,215.31,Long,1500,DGX H200/H100,Azure,5.6,4.6,0.055,0.075,0.0625,1.12,0.3,4.35,0.34,OpenAI,Large,40.69392136462649,14.426300348573823,34.25191543835346,12.142560929435634,37.47291840148998,13.284430639004729,13.835933263973004,4.9049421185151,11.645651249040176,4.128470716008116,12.74079225650659,4.5167064172616085,10.900157508382094,3.8641875933679883,9.174620206701817,3.2524716775274016,10.037388857541954,3.5583296354476945,177.0185579361252,62.75440651629614,148.9958321568375,52.820140043045,163.00719504648134,57.787273279670565,187.9187154445073,66.61859410966412,158.1704523635393,56.072611720572404,173.0445839040233,61.34560291511826,37472.91840148998,12740.79225650659,173044.5839040233,1873645.920074499,637039.6128253294,8652229.195201166,374729.1840148998,1274079.2256506588,17304458.390402332,34221.843289031945,31.17547287977536,1711092.1644515973,342218.43289031944,1558.7736439887678,311.75472879775356,144203.81992001942,7210190.996000972,14420381.992001943,69.21783356160932,3460.8916780804666,6921.783356160933,2769.73744706665,138486.8723533325,276973.744706665,25.279349715290852,1263.9674857645425,2527.934971529085
2026-07-19,Llama 3.2 3B,128k,us.meta.llama3-2-3b-instruct-v1:0,,--,--,--,21%,2%,--,--,5%,25%,5%,26%,--,--,--,8%,3%,51,44,49,52,54,1.16,1.16,1.02,1.09,1.81,5.95,Long,1500,DGX H200/H100,AWS,5.6,4.6,0.0055,0.01,0.0087,1.14,0.18,5.12,0.3,Meta,Nano,0.9727061120545917,0.07923400533468933,0.7174239414258091,0.05843941114145696,0.8450650267402005,0.06883670823807314,0.2918118336163775,0.023770201600406795,0.2152271824277427,0.017531823342437088,0.25351950802206014,0.020651012471421943,0.15358517558756712,0.012510632421266736,0.11327746443565406,0.009227275443387941,0.1334313200116106,0.01086895393232734,4.98025529371951,0.40567810731360937,3.6732105801001427,0.29920978504425966,4.326732936909826,0.3524439461789345,5.133840469307077,0.41818873973487614,3.7864880445357967,0.30843706048764763,4.460164256921437,0.3633129001112619,845.0650267402004,253.51950802206014,4460.164256921436,42253.25133701002,12675.975401103005,223008.21284607184,8450.650267402005,25351.95080220601,446016.4256921437,771.748882867763,0.703049107104992,38587.44414338815,7717.48882867763,35.1524553552496,7.030491071049921,3716.8035474345306,185840.17737172655,371680.3547434531,1.7840657027685745,89.20328513842874,178.40657027685748,55.11293652653482,2755.6468263267407,5511.293652653481,0.5030148968691669,25.150744843458344,50.30148968691669
2026-07-19,Claude 4 Opus,200k,claude-opus-4-20250514,,--,--,31%,73%,34%,--,--,12%,80%,40%,54%,--,--,--,64%,73%,30,26,29,36,46,8.91,8.91,5.21,7.29,11.73,18.27,Long,1500,DGX H200/H100,Anthropic,5.6,4.6,0.055,0.075,0.0625,1.14,0.18,5.12,0.3,Anthropic,Large,12.751339462427389,2.0862602087200397,10.732752862014854,1.755997108541037,11.742046162221122,1.9211286586305385,3.8254018387282165,0.625878062616012,3.219825858604456,0.526799132562311,3.522613848666337,0.5763385975891615,2.0133693888043247,0.32940950664000634,1.6946451887391873,0.27726270134858483,1.8540072887717565,0.30333610399429556,65.28685804762824,10.681652268646605,54.951694653516064,8.99070519573011,60.11927635057215,9.836178732188358,67.30022743643256,11.011061775286612,56.64633984225524,9.267967897078695,61.973283639343904,10.139514836182654,11742.046162221122,3522.613848666337,61973.28363934391,587102.3081110561,176130.69243331684,3098664.1819671956,117420.46162221122,352261.3848666337,6197328.363934391,10723.32982851244,9.768757206506757,536166.491425622,107233.2982851244,488.43786032533785,97.68757206506757,51644.40303278659,2582220.1516393297,5164440.3032786595,24.789313455737563,1239.4656727868783,2478.9313455737565,765.7856192752907,38289.28096376453,76578.56192752907,6.989313191798288,349.46565958991437,698.9313191798287
2026-07-19,Claude 4.1 Opus,200k,claude-opus-4-1-20250805,,--,--,34%,71%,66%,--,--,12%,81%,41%,55%,0%,--,68%,65%,80%,31,26,28,38,47,12.02,12.02,6.99,8.94,16.32,26.03,Long,1500,DGX H200/H100,Anthropic,5.6,4.6,0.055,0.075,0.0625,1.14,0.18,5.12,0.3,Anthropic,Large,13.431970790146726,2.5308057890197695,11.305637604992755,2.1301693955636356,12.368804197569743,2.330487592291702,4.029591237044018,0.7592417367059306,3.391691281497827,0.6390508186690906,3.710641259270922,0.6991462776875108,2.1208374931810625,0.39960091405575304,1.7851006744725404,0.3363425361416267,1.952969083826801,0.3679717250986899,68.77169044555126,12.957725639781218,57.884864537562905,10.906467305285815,63.32827749155709,11.932096472533518,70.8925279387323,13.357326553836971,59.66996521203545,11.24280984142744,65.28124657538388,12.300068197632207,12368.804197569743,3710.641259270922,65281.24657538388,618440.2098784872,185532.06296354608,3264062.328769194,123688.04197569743,371064.12592709216,6528124.657538388,11295.711595954104,10.290186520440718,564785.5797977052,112957.11595954103,514.5093260220359,102.90186520440717,54401.0388128199,2720051.9406409953,5440103.881281991,26.11249863015355,1305.6249315076775,2611.249863015355,806.6611433197658,40333.057165988284,80666.11433197657,7.362383450934369,368.1191725467184,736.2383450934368
2026-07-19,Mistral Large 2 (AWS),128k,mistral.mistral-large-2407-v1:0,,--,--,--,33%,2%,--,--,3%,47%,27%,32%,--,--,--,27%,0%,32,22,29,33,34,1.88,1.88,1.7,1.73,2.16,2.71,Long,1500,DGX H200/H100,AWS,5.6,4.6,0.055,0.075,0.0625,1.14,0.18,5.12,0.3,Mistral AI,Large,11.709234752958956,1.5926599320474766,9.85561737863895,1.340535674253388,10.782426065798955,1.4665978031504323,3.5127704258876857,0.47779797961424286,2.956685213591685,0.4021607022760164,3.2347278197396854,0.4399793409451297,1.848826539940888,0.2514726208496016,1.5561501124166763,0.21166352751369286,1.7024883261787822,0.2315680741816472,59.95128193514985,8.15441885208308,50.46076097863143,6.8635426521773475,55.206021456890646,7.508980752130213,61.800108475090745,8.405891472932682,52.016911091048115,7.0752061796910395,56.90850978306943,7.74054882631186,10782.426065798954,3234.7278197396854,56908.50978306943,539121.3032899477,161736.39098698428,2845425.4891534713,107824.26065798954,323472.78197396855,5690850.978306943,9846.964443652014,8.970404380864355,492348.22218260064,98469.64443652013,448.5202190432177,89.70404380864355,47423.75815255786,2371187.9076278927,4742375.815255785,22.763403913227773,1138.1701956613886,2276.340391322777,703.20169994341,35160.084997170496,70320.16999434099,6.4181107534517565,320.90553767258785,641.8110753451757
