,t_s,power_w,util_gpu_pct,Model,Batch_Size,Total_Requests,output_len,Wall_start_s,Wall_end_s,Duration,energy_slice_Wh,cumulative_energy_Wh,Duration Per Request
0,0.000179133,438.979,98,Llama-3.1-8B,8,24,1024,1641.988957,1658.852782,16.86382426,0.006096931,0.006096931,0.702659344
1,0.055661137,438.979,98,Llama-3.1-8B,8,24,1024,1641.988957,1658.852782,16.86382426,0.006096931,0.012193861,0.702659344
2,0.105803241,438.979,98,Llama-3.1-8B,8,24,1024,1641.988957,1658.852782,16.86382426,0.006096931,0.018290792,0.702659344
3,0.15598329,436.423,76,Llama-3.1-8B,8,24,1024,1641.988957,1658.852782,16.86382426,0.006061431,0.024352222,0.702659344
4,0.206119972,436.423,76,Llama-3.1-8B,8,24,1024,1641.988957,1658.852782,16.86382426,0.006061431,0.030413653,0.702659344
5,0.256249045,436.084,76,Llama-3.1-8B,8,24,1024,1641.988957,1658.852782,16.86382426,0.006056722,0.036470375,0.702659344
6,0.306386768,436.084,76,Llama-3.1-8B,8,24,1024,1641.988957,1658.852782,16.86382426,0.006056722,0.042527097,0.702659344
7,0.356568902,436.446,100,Llama-3.1-8B,8,24,1024,1641.988957,1658.852782,16.86382426,0.00606175,0.048588847,0.702659344
8,0.406701313,436.446,100,Llama-3.1-8B,8,24,1024,1641.988957,1658.852782,16.86382426,0.00606175,0.054650597,0.702659344
9,0.456843758,437.084,100,Llama-3.1-8B,8,24,1024,1641.988957,1658.852782,16.86382426,0.006070611,0.060721208,0.702659344
10,0.506976072,437.084,100,Llama-3.1-8B,8,24,1024,1641.988957,1658.852782,16.86382426,0.006070611,0.066791819,0.702659344
11,0.557109459,437.071,100,Llama-3.1-8B,8,24,1024,1641.988957,1658.852782,16.86382426,0.006070431,0.07286225,0.702659344
12,0.60723947,437.071,100,Llama-3.1-8B,8,24,1024,1641.988957,1658.852782,16.86382426,0.006070431,0.078932681,0.702659344
13,0.657375074,436.664,100,Llama-3.1-8B,8,24,1024,1641.988957,1658.852782,16.86382426,0.006064778,0.084997458,0.702659344
14,0.707554773,436.664,100,Llama-3.1-8B,8,24,1024,1641.988957,1658.852782,16.86382426,0.006064778,0.091062236,0.702659344
15,0.757694294,438.731,100,Llama-3.1-8B,8,24,1024,1641.988957,1658.852782,16.86382426,0.006093486,0.097155722,0.702659344
16,0.807865165,438.731,100,Llama-3.1-8B,8,24,1024,1641.988957,1658.852782,16.86382426,0.006093486,0.103249208,0.702659344
17,0.857998332,439.189,100,Llama-3.1-8B,8,24,1024,1641.988957,1658.852782,16.86382426,0.006099847,0.109349056,0.702659344
18,0.908130046,439.189,100,Llama-3.1-8B,8,24,1024,1641.988957,1658.852782,16.86382426,0.006099847,0.115448903,0.702659344
19,0.958260775,438.841,100,Llama-3.1-8B,8,24,1024,1641.988957,1658.852782,16.86382426,0.006095014,0.121543917,0.702659344
20,1.008450672,438.841,100,Llama-3.1-8B,8,24,1024,1641.988957,1658.852782,16.86382426,0.006095014,0.127638931,0.702659344
21,1.058564505,447.167,100,Llama-3.1-8B,8,24,1024,1641.988957,1658.852782,16.86382426,0.006210653,0.133849583,0.702659344
22,1.108693168,447.167,100,Llama-3.1-8B,8,24,1024,1641.988957,1658.852782,16.86382426,0.006210653,0.140060236,0.702659344
23,1.158820305,446.764,100,Llama-3.1-8B,8,24,1024,1641.988957,1658.852782,16.86382426,0.006205056,0.146265292,0.702659344
24,1.208942492,446.764,100,Llama-3.1-8B,8,24,1024,1641.988957,1658.852782,16.86382426,0.006205056,0.152470347,0.702659344
25,1.259069612,447.453,100,Llama-3.1-8B,8,24,1024,1641.988957,1658.852782,16.86382426,0.006214625,0.158684972,0.702659344
26,1.309197141,447.453,100,Llama-3.1-8B,8,24,1024,1641.988957,1658.852782,16.86382426,0.006214625,0.164899597,0.702659344
27,1.359329384,447.612,100,Llama-3.1-8B,8,24,1024,1641.988957,1658.852782,16.86382426,0.006216833,0.171116431,0.702659344
28,1.409485485,447.612,100,Llama-3.1-8B,8,24,1024,1641.988957,1658.852782,16.86382426,0.006216833,0.177333264,0.702659344
29,1.459617943,448.168,100,Llama-3.1-8B,8,24,1024,1641.988957,1658.852782,16.86382426,0.006224556,0.183557819,0.702659344
30,1.509762308,448.168,100,Llama-3.1-8B,8,24,1024,1641.988957,1658.852782,16.86382426,0.006224556,0.189782375,0.702659344
31,1.559900139,448.465,100,Llama-3.1-8B,8,24,1024,1641.988957,1658.852782,16.86382426,0.006228681,0.196011056,0.702659344
32,1.610030746,448.465,100,Llama-3.1-8B,8,24,1024,1641.988957,1658.852782,16.86382426,0.006228681,0.202239736,0.702659344
33,1.660159184,448.997,100,Llama-3.1-8B,8,24,1024,1641.988957,1658.852782,16.86382426,0.006236069,0.208475806,0.702659344
34,1.710291867,448.997,100,Llama-3.1-8B,8,24,1024,1641.988957,1658.852782,16.86382426,0.006236069,0.214711875,0.702659344
35,1.760417838,449.429,100,Llama-3.1-8B,8,24,1024,1641.988957,1658.852782,16.86382426,0.006242069,0.220953944,0.702659344
36,1.810555507,449.429,100,Llama-3.1-8B,8,24,1024,1641.988957,1658.852782,16.86382426,0.006242069,0.227196014,0.702659344
37,1.860684087,450.129,100,Llama-3.1-8B,8,24,1024,1641.988957,1658.852782,16.86382426,0.006251792,0.233447806,0.702659344
38,1.910805762,450.129,100,Llama-3.1-8B,8,24,1024,1641.988957,1658.852782,16.86382426,0.006251792,0.239699597,0.702659344
39,1.960933019,450.956,100,Llama-3.1-8B,8,24,1024,1641.988957,1658.852782,16.86382426,0.006263278,0.245962875,0.702659344
40,2.011062446,450.956,100,Llama-3.1-8B,8,24,1024,1641.988957,1658.852782,16.86382426,0.006263278,0.252226153,0.702659344
41,2.061179483,451.18,100,Llama-3.1-8B,8,24,1024,1641.988957,1658.852782,16.86382426,0.006266389,0.258492542,0.702659344
42,2.111300553,451.18,100,Llama-3.1-8B,8,24,1024,1641.988957,1658.852782,16.86382426,0.006266389,0.264758931,0.702659344
43,2.161485436,451.619,100,Llama-3.1-8B,8,24,1024,1641.988957,1658.852782,16.86382426,0.006272486,0.271031417,0.702659344
44,2.211663783,451.619,100,Llama-3.1-8B,8,24,1024,1641.988957,1658.852782,16.86382426,0.006272486,0.277303903,0.702659344
45,2.261804373,452.725,100,Llama-3.1-8B,8,24,1024,1641.988957,1658.852782,16.86382426,0.006287847,0.28359175,0.702659344
46,2.312014247,452.725,100,Llama-3.1-8B,8,24,1024,1641.988957,1658.852782,16.86382426,0.006287847,0.289879597,0.702659344
47,2.362193475,452.785,100,Llama-3.1-8B,8,24,1024,1641.988957,1658.852782,16.86382426,0.006288681,0.296168278,0.702659344
48,2.412378263,452.785,100,Llama-3.1-8B,8,24,1024,1641.988957,1658.852782,16.86382426,0.006288681,0.302456958,0.702659344
49,2.462537113,452.395,100,Llama-3.1-8B,8,24,1024,1641.988957,1658.852782,16.86382426,0.006283264,0.308740222,0.702659344
50,2.512727037,452.395,100,Llama-3.1-8B,8,24,1024,1641.988957,1658.852782,16.86382426,0.006283264,0.315023486,0.702659344
51,2.563108192,452.653,100,Llama-3.1-8B,8,24,1024,1641.988957,1658.852782,16.86382426,0.006286847,0.321310333,0.702659344
52,2.613306693,452.653,100,Llama-3.1-8B,8,24,1024,1641.988957,1658.852782,16.86382426,0.006286847,0.327597181,0.702659344
53,2.663499821,452.729,100,Llama-3.1-8B,8,24,1024,1641.988957,1658.852782,16.86382426,0.006287903,0.333885083,0.702659344
54,2.71364385,452.729,100,Llama-3.1-8B,8,24,1024,1641.988957,1658.852782,16.86382426,0.006287903,0.340172986,0.702659344
55,2.763835141,452.564,100,Llama-3.1-8B,8,24,1024,1641.988957,1658.852782,16.86382426,0.006285611,0.346458597,0.702659344
56,2.814030062,452.564,100,Llama-3.1-8B,8,24,1024,1641.988957,1658.852782,16.86382426,0.006285611,0.352744208,0.702659344
57,2.864214143,452.17,100,Llama-3.1-8B,8,24,1024,1641.988957,1658.852782,16.86382426,0.006280139,0.359024347,0.702659344
58,2.914383294,452.17,100,Llama-3.1-8B,8,24,1024,1641.988957,1658.852782,16.86382426,0.006280139,0.365304486,0.702659344
59,2.964600132,451.397,100,Llama-3.1-8B,8,24,1024,1641.988957,1658.852782,16.86382426,0.006269403,0.371573889,0.702659344
60,3.014776455,451.397,100,Llama-3.1-8B,8,24,1024,1641.988957,1658.852782,16.86382426,0.006269403,0.377843292,0.702659344
61,3.065011649,451.513,100,Llama-3.1-8B,8,24,1024,1641.988957,1658.852782,16.86382426,0.006271014,0.384114306,0.702659344
62,3.115133285,451.513,100,Llama-3.1-8B,8,24,1024,1641.988957,1658.852782,16.86382426,0.006271014,0.390385319,0.702659344
63,3.165277523,451.658,100,Llama-3.1-8B,8,24,1024,1641.988957,1658.852782,16.86382426,0.006273028,0.396658347,0.702659344
64,3.215465953,451.658,100,Llama-3.1-8B,8,24,1024,1641.988957,1658.852782,16.86382426,0.006273028,0.402931375,0.702659344
65,3.265592862,450.739,100,Llama-3.1-8B,8,24,1024,1641.988957,1658.852782,16.86382426,0.006260264,0.409191639,0.702659344
66,3.315720027,450.739,100,Llama-3.1-8B,8,24,1024,1641.988957,1658.852782,16.86382426,0.006260264,0.415451903,0.702659344
67,3.366076807,450.976,100,Llama-3.1-8B,8,24,1024,1641.988957,1658.852782,16.86382426,0.006263556,0.421715458,0.702659344
68,3.41625892,450.976,100,Llama-3.1-8B,8,24,1024,1641.988957,1658.852782,16.86382426,0.006263556,0.427979014,0.702659344
69,3.46644737,452.101,100,Llama-3.1-8B,8,24,1024,1641.988957,1658.852782,16.86382426,0.006279181,0.434258194,0.702659344
70,3.516613549,452.101,100,Llama-3.1-8B,8,24,1024,1641.988957,1658.852782,16.86382426,0.006279181,0.440537375,0.702659344
71,3.566802776,452.363,100,Llama-3.1-8B,8,24,1024,1641.988957,1658.852782,16.86382426,0.006282819,0.446820194,0.702659344
72,3.616984193,452.363,100,Llama-3.1-8B,8,24,1024,1641.988957,1658.852782,16.86382426,0.006282819,0.453103014,0.702659344
73,3.667159416,452.765,100,Llama-3.1-8B,8,24,1024,1641.988957,1658.852782,16.86382426,0.006288403,0.459391417,0.702659344
74,3.717313896,452.765,100,Llama-3.1-8B,8,24,1024,1641.988957,1658.852782,16.86382426,0.006288403,0.465679819,0.702659344
75,3.767437871,453.006,100,Llama-3.1-8B,8,24,1024,1641.988957,1658.852782,16.86382426,0.00629175,0.471971569,0.702659344
76,3.817512994,453.006,100,Llama-3.1-8B,8,24,1024,1641.988957,1658.852782,16.86382426,0.00629175,0.478263319,0.702659344
77,3.86758224,453.14,100,Llama-3.1-8B,8,24,1024,1641.988957,1658.852782,16.86382426,0.006293611,0.484556931,0.702659344
78,3.917654547,453.14,100,Llama-3.1-8B,8,24,1024,1641.988957,1658.852782,16.86382426,0.006293611,0.490850542,0.702659344
79,3.96772611,453.659,100,Llama-3.1-8B,8,24,1024,1641.988957,1658.852782,16.86382426,0.006300819,0.497151361,0.702659344
80,4.017796914,453.659,100,Llama-3.1-8B,8,24,1024,1641.988957,1658.852782,16.86382426,0.006300819,0.503452181,0.702659344
81,4.067872121,453.556,100,Llama-3.1-8B,8,24,1024,1641.988957,1658.852782,16.86382426,0.006299389,0.509751569,0.702659344
82,4.117950478,453.556,100,Llama-3.1-8B,8,24,1024,1641.988957,1658.852782,16.86382426,0.006299389,0.516050958,0.702659344
83,4.168022881,456.03,100,Llama-3.1-8B,8,24,1024,1641.988957,1658.852782,16.86382426,0.00633375,0.522384708,0.702659344
84,4.218098758,456.03,100,Llama-3.1-8B,8,24,1024,1641.988957,1658.852782,16.86382426,0.00633375,0.528718458,0.702659344
85,4.268176413,459.023,100,Llama-3.1-8B,8,24,1024,1641.988957,1658.852782,16.86382426,0.006375319,0.535093778,0.702659344
86,4.318259418,459.023,100,Llama-3.1-8B,8,24,1024,1641.988957,1658.852782,16.86382426,0.006375319,0.541469097,0.702659344
87,4.368330598,456.936,100,Llama-3.1-8B,8,24,1024,1641.988957,1658.852782,16.86382426,0.006346333,0.547815431,0.702659344
88,4.418402145,456.936,100,Llama-3.1-8B,8,24,1024,1641.988957,1658.852782,16.86382426,0.006346333,0.554161764,0.702659344
89,4.46848,456.012,100,Llama-3.1-8B,8,24,1024,1641.988957,1658.852782,16.86382426,0.0063335,0.560495264,0.702659344
90,4.518556811,456.012,100,Llama-3.1-8B,8,24,1024,1641.988957,1658.852782,16.86382426,0.0063335,0.566828764,0.702659344
91,4.568638855,455.16,100,Llama-3.1-8B,8,24,1024,1641.988957,1658.852782,16.86382426,0.006321667,0.573150431,0.702659344
92,4.618712203,455.16,100,Llama-3.1-8B,8,24,1024,1641.988957,1658.852782,16.86382426,0.006321667,0.579472097,0.702659344
93,4.668782319,454.611,100,Llama-3.1-8B,8,24,1024,1641.988957,1658.852782,16.86382426,0.006314042,0.585786139,0.702659344
94,4.718852867,454.611,100,Llama-3.1-8B,8,24,1024,1641.988957,1658.852782,16.86382426,0.006314042,0.592100181,0.702659344
95,4.768925992,454.595,100,Llama-3.1-8B,8,24,1024,1641.988957,1658.852782,16.86382426,0.006313819,0.598414,0.702659344
96,4.818997641,454.595,100,Llama-3.1-8B,8,24,1024,1641.988957,1658.852782,16.86382426,0.006313819,0.604727819,0.702659344
97,4.869072212,455.019,100,Llama-3.1-8B,8,24,1024,1641.988957,1658.852782,16.86382426,0.006319708,0.611047528,0.702659344
98,4.919150099,455.019,100,Llama-3.1-8B,8,24,1024,1641.988957,1658.852782,16.86382426,0.006319708,0.617367236,0.702659344
99,4.969228784,455.28,100,Llama-3.1-8B,8,24,1024,1641.988957,1658.852782,16.86382426,0.006323333,0.623690569,0.702659344
100,5.019306316,455.28,100,Llama-3.1-8B,8,24,1024,1641.988957,1658.852782,16.86382426,0.006323333,0.630013903,0.702659344
101,5.069370869,455.682,100,Llama-3.1-8B,8,24,1024,1641.988957,1658.852782,16.86382426,0.006328917,0.636342819,0.702659344
102,5.119435945,455.682,100,Llama-3.1-8B,8,24,1024,1641.988957,1658.852782,16.86382426,0.006328917,0.642671736,0.702659344
103,5.169502779,453.268,100,Llama-3.1-8B,8,24,1024,1641.988957,1658.852782,16.86382426,0.006295389,0.648967125,0.702659344
104,5.219575215,453.268,100,Llama-3.1-8B,8,24,1024,1641.988957,1658.852782,16.86382426,0.006295389,0.655262514,0.702659344
105,5.269656818,449.873,100,Llama-3.1-8B,8,24,1024,1641.988957,1658.852782,16.86382426,0.006248236,0.66151075,0.702659344
106,5.319774529,449.873,100,Llama-3.1-8B,8,24,1024,1641.988957,1658.852782,16.86382426,0.006248236,0.667758986,0.702659344
107,5.369849358,455.126,100,Llama-3.1-8B,8,24,1024,1641.988957,1658.852782,16.86382426,0.006321194,0.674080181,0.702659344
108,5.419921983,455.126,100,Llama-3.1-8B,8,24,1024,1641.988957,1658.852782,16.86382426,0.006321194,0.680401375,0.702659344
109,5.469997078,451.964,100,Llama-3.1-8B,8,24,1024,1641.988957,1658.852782,16.86382426,0.006277278,0.686678653,0.702659344
110,5.520069272,451.964,100,Llama-3.1-8B,8,24,1024,1641.988957,1658.852782,16.86382426,0.006277278,0.692955931,0.702659344
111,5.570141923,451.198,100,Llama-3.1-8B,8,24,1024,1641.988957,1658.852782,16.86382426,0.006266639,0.699222569,0.702659344
112,5.62021432,451.198,100,Llama-3.1-8B,8,24,1024,1641.988957,1658.852782,16.86382426,0.006266639,0.705489208,0.702659344
113,5.670286454,450.896,100,Llama-3.1-8B,8,24,1024,1641.988957,1658.852782,16.86382426,0.006262444,0.711751653,0.702659344
114,5.720372001,450.896,100,Llama-3.1-8B,8,24,1024,1641.988957,1658.852782,16.86382426,0.006262444,0.718014097,0.702659344
115,5.770481188,453.98,100,Llama-3.1-8B,8,24,1024,1641.988957,1658.852782,16.86382426,0.006305278,0.724319375,0.702659344
116,5.820556641,453.98,100,Llama-3.1-8B,8,24,1024,1641.988957,1658.852782,16.86382426,0.006305278,0.730624653,0.702659344
117,5.870636752,450.586,100,Llama-3.1-8B,8,24,1024,1641.988957,1658.852782,16.86382426,0.006258139,0.736882792,0.702659344
118,5.920712587,450.586,100,Llama-3.1-8B,8,24,1024,1641.988957,1658.852782,16.86382426,0.006258139,0.743140931,0.702659344
119,5.970784967,449.181,100,Llama-3.1-8B,8,24,1024,1641.988957,1658.852782,16.86382426,0.006238625,0.749379556,0.702659344
120,6.020854705,449.181,100,Llama-3.1-8B,8,24,1024,1641.988957,1658.852782,16.86382426,0.006238625,0.755618181,0.702659344
121,6.070935228,447.492,100,Llama-3.1-8B,8,24,1024,1641.988957,1658.852782,16.86382426,0.006215167,0.761833347,0.702659344
122,6.121046468,447.492,100,Llama-3.1-8B,8,24,1024,1641.988957,1658.852782,16.86382426,0.006215167,0.768048514,0.702659344
123,6.171127269,455.796,93,Llama-3.1-8B,8,24,1024,1641.988957,1658.852782,16.86382426,0.0063305,0.774379014,0.702659344
124,6.22121149,455.796,93,Llama-3.1-8B,8,24,1024,1641.988957,1658.852782,16.86382426,0.0063305,0.780709514,0.702659344
125,6.271332567,456.038,93,Llama-3.1-8B,8,24,1024,1641.988957,1658.852782,16.86382426,0.006333861,0.787043375,0.702659344
126,6.321439977,456.038,93,Llama-3.1-8B,8,24,1024,1641.988957,1658.852782,16.86382426,0.006333861,0.793377236,0.702659344
127,6.371511828,449.635,100,Llama-3.1-8B,8,24,1024,1641.988957,1658.852782,16.86382426,0.006244931,0.799622167,0.702659344
128,6.421587421,449.635,100,Llama-3.1-8B,8,24,1024,1641.988957,1658.852782,16.86382426,0.006244931,0.805867097,0.702659344
129,6.471660873,451.619,100,Llama-3.1-8B,8,24,1024,1641.988957,1658.852782,16.86382426,0.006272486,0.812139583,0.702659344
130,6.521731357,451.619,100,Llama-3.1-8B,8,24,1024,1641.988957,1658.852782,16.86382426,0.006272486,0.818412069,0.702659344
131,6.571801443,453.296,100,Llama-3.1-8B,8,24,1024,1641.988957,1658.852782,16.86382426,0.006295778,0.824707847,0.702659344
132,6.621877423,453.296,100,Llama-3.1-8B,8,24,1024,1641.988957,1658.852782,16.86382426,0.006295778,0.831003625,0.702659344
133,6.671947787,453.583,100,Llama-3.1-8B,8,24,1024,1641.988957,1658.852782,16.86382426,0.006299764,0.837303389,0.702659344
134,6.722015561,453.583,100,Llama-3.1-8B,8,24,1024,1641.988957,1658.852782,16.86382426,0.006299764,0.843603153,0.702659344
135,6.772084498,450.467,100,Llama-3.1-8B,8,24,1024,1641.988957,1658.852782,16.86382426,0.006256486,0.849859639,0.702659344
136,6.822163059,450.467,100,Llama-3.1-8B,8,24,1024,1641.988957,1658.852782,16.86382426,0.006256486,0.856116125,0.702659344
137,6.872261604,451.644,100,Llama-3.1-8B,8,24,1024,1641.988957,1658.852782,16.86382426,0.006272833,0.862388958,0.702659344
138,6.922374126,451.644,100,Llama-3.1-8B,8,24,1024,1641.988957,1658.852782,16.86382426,0.006272833,0.868661792,0.702659344
139,6.972480268,453.054,100,Llama-3.1-8B,8,24,1024,1641.988957,1658.852782,16.86382426,0.006292417,0.874954208,0.702659344
140,7.022557193,453.054,100,Llama-3.1-8B,8,24,1024,1641.988957,1658.852782,16.86382426,0.006292417,0.881246625,0.702659344
141,7.072636032,454.069,100,Llama-3.1-8B,8,24,1024,1641.988957,1658.852782,16.86382426,0.006306514,0.887553139,0.702659344
142,7.122710828,454.069,100,Llama-3.1-8B,8,24,1024,1641.988957,1658.852782,16.86382426,0.006306514,0.893859653,0.702659344
143,7.172786518,446.344,100,Llama-3.1-8B,8,24,1024,1641.988957,1658.852782,16.86382426,0.006199222,0.900058875,0.702659344
144,7.222863273,446.344,100,Llama-3.1-8B,8,24,1024,1641.988957,1658.852782,16.86382426,0.006199222,0.906258097,0.702659344
145,7.272940221,446.528,100,Llama-3.1-8B,8,24,1024,1641.988957,1658.852782,16.86382426,0.006201778,0.912459875,0.702659344
146,7.323018188,446.528,100,Llama-3.1-8B,8,24,1024,1641.988957,1658.852782,16.86382426,0.006201778,0.918661653,0.702659344
147,7.373096233,448.959,100,Llama-3.1-8B,8,24,1024,1641.988957,1658.852782,16.86382426,0.006235542,0.924897194,0.702659344
148,7.423178256,448.959,100,Llama-3.1-8B,8,24,1024,1641.988957,1658.852782,16.86382426,0.006235542,0.931132736,0.702659344
149,7.473251396,450.222,100,Llama-3.1-8B,8,24,1024,1641.988957,1658.852782,16.86382426,0.006253083,0.937385819,0.702659344
150,7.523321779,450.222,100,Llama-3.1-8B,8,24,1024,1641.988957,1658.852782,16.86382426,0.006253083,0.943638903,0.702659344
151,7.573395782,450.293,100,Llama-3.1-8B,8,24,1024,1641.988957,1658.852782,16.86382426,0.006254069,0.949892972,0.702659344
152,7.623470145,450.293,100,Llama-3.1-8B,8,24,1024,1641.988957,1658.852782,16.86382426,0.006254069,0.956147042,0.702659344
153,7.673544638,450.736,100,Llama-3.1-8B,8,24,1024,1641.988957,1658.852782,16.86382426,0.006260222,0.962407264,0.702659344
154,7.723622481,450.736,100,Llama-3.1-8B,8,24,1024,1641.988957,1658.852782,16.86382426,0.006260222,0.968667486,0.702659344
155,7.773698659,450.413,100,Llama-3.1-8B,8,24,1024,1641.988957,1658.852782,16.86382426,0.006255736,0.974923222,0.702659344
156,7.823773288,450.413,100,Llama-3.1-8B,8,24,1024,1641.988957,1658.852782,16.86382426,0.006255736,0.981178958,0.702659344
157,7.873848497,450.07,100,Llama-3.1-8B,8,24,1024,1641.988957,1658.852782,16.86382426,0.006250972,0.987429931,0.702659344
158,7.923925603,450.07,100,Llama-3.1-8B,8,24,1024,1641.988957,1658.852782,16.86382426,0.006250972,0.993680903,0.702659344
159,7.974005133,449.821,100,Llama-3.1-8B,8,24,1024,1641.988957,1658.852782,16.86382426,0.006247514,0.999928417,0.702659344
160,8.024080183,449.821,100,Llama-3.1-8B,8,24,1024,1641.988957,1658.852782,16.86382426,0.006247514,1.006175931,0.702659344
161,8.074156562,449.768,100,Llama-3.1-8B,8,24,1024,1641.988957,1658.852782,16.86382426,0.006246778,1.012422708,0.702659344
162,8.124234544,449.768,100,Llama-3.1-8B,8,24,1024,1641.988957,1658.852782,16.86382426,0.006246778,1.018669486,0.702659344
163,8.174323404,449.04,100,Llama-3.1-8B,8,24,1024,1641.988957,1658.852782,16.86382426,0.006236667,1.024906153,0.702659344
164,8.224439289,449.04,100,Llama-3.1-8B,8,24,1024,1641.988957,1658.852782,16.86382426,0.006236667,1.031142819,0.702659344
165,8.274515063,449.189,100,Llama-3.1-8B,8,24,1024,1641.988957,1658.852782,16.86382426,0.006238736,1.037381556,0.702659344
166,8.324602748,449.189,100,Llama-3.1-8B,8,24,1024,1641.988957,1658.852782,16.86382426,0.006238736,1.043620292,0.702659344
167,8.374686937,449.74,100,Llama-3.1-8B,8,24,1024,1641.988957,1658.852782,16.86382426,0.006246389,1.049866681,0.702659344
168,8.424765076,449.74,100,Llama-3.1-8B,8,24,1024,1641.988957,1658.852782,16.86382426,0.006246389,1.056113069,0.702659344
169,8.474842948,449.694,100,Llama-3.1-8B,8,24,1024,1641.988957,1658.852782,16.86382426,0.00624575,1.062358819,0.702659344
170,8.524912947,449.694,100,Llama-3.1-8B,8,24,1024,1641.988957,1658.852782,16.86382426,0.00624575,1.068604569,0.702659344
171,8.574981826,450.399,100,Llama-3.1-8B,8,24,1024,1641.988957,1658.852782,16.86382426,0.006255542,1.074860111,0.702659344
172,8.625052489,450.399,100,Llama-3.1-8B,8,24,1024,1641.988957,1658.852782,16.86382426,0.006255542,1.081115653,0.702659344
173,8.675125238,450.664,100,Llama-3.1-8B,8,24,1024,1641.988957,1658.852782,16.86382426,0.006259222,1.087374875,0.702659344
174,8.725196092,451.436,100,Llama-3.1-8B,8,24,1024,1641.988957,1658.852782,16.86382426,0.006269944,1.093644819,0.702659344
175,8.775271641,451.436,100,Llama-3.1-8B,8,24,1024,1641.988957,1658.852782,16.86382426,0.006269944,1.099914764,0.702659344
176,8.825348362,452.433,100,Llama-3.1-8B,8,24,1024,1641.988957,1658.852782,16.86382426,0.006283792,1.106198556,0.702659344
177,8.875416069,452.433,100,Llama-3.1-8B,8,24,1024,1641.988957,1658.852782,16.86382426,0.006283792,1.112482347,0.702659344
178,8.925500779,453.32,100,Llama-3.1-8B,8,24,1024,1641.988957,1658.852782,16.86382426,0.006296111,1.118778458,0.702659344
179,8.97557281,453.32,100,Llama-3.1-8B,8,24,1024,1641.988957,1658.852782,16.86382426,0.006296111,1.125074569,0.702659344
180,9.025642092,454.231,100,Llama-3.1-8B,8,24,1024,1641.988957,1658.852782,16.86382426,0.006308764,1.131383333,0.702659344
181,9.075711682,454.231,100,Llama-3.1-8B,8,24,1024,1641.988957,1658.852782,16.86382426,0.006308764,1.137692097,0.702659344
182,9.125786165,454.749,100,Llama-3.1-8B,8,24,1024,1641.988957,1658.852782,16.86382426,0.006315958,1.144008056,0.702659344
183,9.175871744,454.749,100,Llama-3.1-8B,8,24,1024,1641.988957,1658.852782,16.86382426,0.006315958,1.150324014,0.702659344
184,9.22595117,454.671,100,Llama-3.1-8B,8,24,1024,1641.988957,1658.852782,16.86382426,0.006314875,1.156638889,0.702659344
185,9.276029587,454.671,100,Llama-3.1-8B,8,24,1024,1641.988957,1658.852782,16.86382426,0.006314875,1.162953764,0.702659344
186,9.326124304,454.672,100,Llama-3.1-8B,8,24,1024,1641.988957,1658.852782,16.86382426,0.006314889,1.169268653,0.702659344
187,9.376197996,454.672,100,Llama-3.1-8B,8,24,1024,1641.988957,1658.852782,16.86382426,0.006314889,1.175583542,0.702659344
188,9.426270667,455.011,100,Llama-3.1-8B,8,24,1024,1641.988957,1658.852782,16.86382426,0.006319597,1.181903139,0.702659344
189,9.476342579,455.011,100,Llama-3.1-8B,8,24,1024,1641.988957,1658.852782,16.86382426,0.006319597,1.188222736,0.702659344
190,9.526413577,455.139,100,Llama-3.1-8B,8,24,1024,1641.988957,1658.852782,16.86382426,0.006321375,1.194544111,0.702659344
191,9.576487009,455.139,100,Llama-3.1-8B,8,24,1024,1641.988957,1658.852782,16.86382426,0.006321375,1.200865486,0.702659344
192,9.626561138,455.225,100,Llama-3.1-8B,8,24,1024,1641.988957,1658.852782,16.86382426,0.006322569,1.207188056,0.702659344
193,9.676651975,455.225,100,Llama-3.1-8B,8,24,1024,1641.988957,1658.852782,16.86382426,0.006322569,1.213510625,0.702659344
194,9.726768859,455.122,100,Llama-3.1-8B,8,24,1024,1641.988957,1658.852782,16.86382426,0.006321139,1.219831764,0.702659344
195,9.776879815,455.122,100,Llama-3.1-8B,8,24,1024,1641.988957,1658.852782,16.86382426,0.006321139,1.226152903,0.702659344
196,9.826966113,455.112,100,Llama-3.1-8B,8,24,1024,1641.988957,1658.852782,16.86382426,0.006321,1.232473903,0.702659344
197,9.877064754,455.112,100,Llama-3.1-8B,8,24,1024,1641.988957,1658.852782,16.86382426,0.006321,1.238794903,0.702659344
198,9.927259181,455.181,100,Llama-3.1-8B,8,24,1024,1641.988957,1658.852782,16.86382426,0.006321958,1.245116861,0.702659344
199,9.977394816,455.181,100,Llama-3.1-8B,8,24,1024,1641.988957,1658.852782,16.86382426,0.006321958,1.251438819,0.702659344
200,10.02754679,454.681,100,Llama-3.1-8B,8,24,1024,1641.988957,1658.852782,16.86382426,0.006315014,1.257753833,0.702659344
201,10.07768703,454.681,100,Llama-3.1-8B,8,24,1024,1641.988957,1658.852782,16.86382426,0.006315014,1.264068847,0.702659344
202,10.12796197,454.633,100,Llama-3.1-8B,8,24,1024,1641.988957,1658.852782,16.86382426,0.006314347,1.270383194,0.702659344
203,10.17809375,454.633,100,Llama-3.1-8B,8,24,1024,1641.988957,1658.852782,16.86382426,0.006314347,1.276697542,0.702659344
204,10.22838955,455.294,100,Llama-3.1-8B,8,24,1024,1641.988957,1658.852782,16.86382426,0.006323528,1.283021069,0.702659344
205,10.27853089,455.294,100,Llama-3.1-8B,8,24,1024,1641.988957,1658.852782,16.86382426,0.006323528,1.289344597,0.702659344
206,10.32872454,455.29,100,Llama-3.1-8B,8,24,1024,1641.988957,1658.852782,16.86382426,0.006323472,1.295668069,0.702659344
207,10.37883056,455.29,100,Llama-3.1-8B,8,24,1024,1641.988957,1658.852782,16.86382426,0.006323472,1.301991542,0.702659344
208,10.42895372,455.074,100,Llama-3.1-8B,8,24,1024,1641.988957,1658.852782,16.86382426,0.006320472,1.308312014,0.702659344
209,10.47905237,455.074,100,Llama-3.1-8B,8,24,1024,1641.988957,1658.852782,16.86382426,0.006320472,1.314632486,0.702659344
210,10.52917363,455.539,100,Llama-3.1-8B,8,24,1024,1641.988957,1658.852782,16.86382426,0.006326931,1.320959417,0.702659344
211,10.57927144,455.539,100,Llama-3.1-8B,8,24,1024,1641.988957,1658.852782,16.86382426,0.006326931,1.327286347,0.702659344
212,10.62944888,455.467,100,Llama-3.1-8B,8,24,1024,1641.988957,1658.852782,16.86382426,0.006325931,1.333612278,0.702659344
213,10.67958588,455.467,100,Llama-3.1-8B,8,24,1024,1641.988957,1658.852782,16.86382426,0.006325931,1.339938208,0.702659344
214,10.73002699,455.689,100,Llama-3.1-8B,8,24,1024,1641.988957,1658.852782,16.86382426,0.006329014,1.346267222,0.702659344
215,10.78015252,455.689,100,Llama-3.1-8B,8,24,1024,1641.988957,1658.852782,16.86382426,0.006329014,1.352596236,0.702659344
216,10.83032494,455.916,100,Llama-3.1-8B,8,24,1024,1641.988957,1658.852782,16.86382426,0.006332167,1.358928403,0.702659344
217,10.88045604,455.916,100,Llama-3.1-8B,8,24,1024,1641.988957,1658.852782,16.86382426,0.006332167,1.365260569,0.702659344
218,10.93069569,455.829,100,Llama-3.1-8B,8,24,1024,1641.988957,1658.852782,16.86382426,0.006330958,1.371591528,0.702659344
219,10.98082734,455.829,100,Llama-3.1-8B,8,24,1024,1641.988957,1658.852782,16.86382426,0.006330958,1.377922486,0.702659344
220,11.03094714,456.394,100,Llama-3.1-8B,8,24,1024,1641.988957,1658.852782,16.86382426,0.006338806,1.384261292,0.702659344
221,11.08104798,456.394,100,Llama-3.1-8B,8,24,1024,1641.988957,1658.852782,16.86382426,0.006338806,1.390600097,0.702659344
222,11.13117337,455.886,100,Llama-3.1-8B,8,24,1024,1641.988957,1658.852782,16.86382426,0.00633175,1.396931847,0.702659344
223,11.18129987,455.886,100,Llama-3.1-8B,8,24,1024,1641.988957,1658.852782,16.86382426,0.00633175,1.403263597,0.702659344
224,11.2314774,456.014,100,Llama-3.1-8B,8,24,1024,1641.988957,1658.852782,16.86382426,0.006333528,1.409597125,0.702659344
225,11.28166446,456.014,100,Llama-3.1-8B,8,24,1024,1641.988957,1658.852782,16.86382426,0.006333528,1.415930653,0.702659344
226,11.33196613,455.558,100,Llama-3.1-8B,8,24,1024,1641.988957,1658.852782,16.86382426,0.006327194,1.422257847,0.702659344
227,11.38216363,455.558,100,Llama-3.1-8B,8,24,1024,1641.988957,1658.852782,16.86382426,0.006327194,1.428585042,0.702659344
228,11.43229,455.17,100,Llama-3.1-8B,8,24,1024,1641.988957,1658.852782,16.86382426,0.006321806,1.434906847,0.702659344
229,11.48244442,455.17,100,Llama-3.1-8B,8,24,1024,1641.988957,1658.852782,16.86382426,0.006321806,1.441228653,0.702659344
230,11.53257936,454.544,100,Llama-3.1-8B,8,24,1024,1641.988957,1658.852782,16.86382426,0.006313111,1.447541764,0.702659344
231,11.58286049,454.544,100,Llama-3.1-8B,8,24,1024,1641.988957,1658.852782,16.86382426,0.006313111,1.453854875,0.702659344
232,11.63304085,453.556,100,Llama-3.1-8B,8,24,1024,1641.988957,1658.852782,16.86382426,0.006299389,1.460154264,0.702659344
233,11.68329944,453.556,100,Llama-3.1-8B,8,24,1024,1641.988957,1658.852782,16.86382426,0.006299389,1.466453653,0.702659344
234,11.73348089,452.683,100,Llama-3.1-8B,8,24,1024,1641.988957,1658.852782,16.86382426,0.006287264,1.472740917,0.702659344
235,11.78362076,452.683,100,Llama-3.1-8B,8,24,1024,1641.988957,1658.852782,16.86382426,0.006287264,1.479028181,0.702659344
236,11.83382355,452.322,100,Llama-3.1-8B,8,24,1024,1641.988957,1658.852782,16.86382426,0.00628225,1.485310431,0.702659344
237,11.88400971,452.322,100,Llama-3.1-8B,8,24,1024,1641.988957,1658.852782,16.86382426,0.00628225,1.491592681,0.702659344
238,11.93413249,451.41,100,Llama-3.1-8B,8,24,1024,1641.988957,1658.852782,16.86382426,0.006269583,1.497862264,0.702659344
239,11.98426632,451.41,100,Llama-3.1-8B,8,24,1024,1641.988957,1658.852782,16.86382426,0.006269583,1.504131847,0.702659344
240,12.0343965,451.285,100,Llama-3.1-8B,8,24,1024,1641.988957,1658.852782,16.86382426,0.006267847,1.510399694,0.702659344
241,12.0845456,451.285,100,Llama-3.1-8B,8,24,1024,1641.988957,1658.852782,16.86382426,0.006267847,1.516667542,0.702659344
242,12.13467429,451.618,100,Llama-3.1-8B,8,24,1024,1641.988957,1658.852782,16.86382426,0.006272472,1.522940014,0.702659344
243,12.18479981,451.618,100,Llama-3.1-8B,8,24,1024,1641.988957,1658.852782,16.86382426,0.006272472,1.529212486,0.702659344
244,12.23492926,450.624,100,Llama-3.1-8B,8,24,1024,1641.988957,1658.852782,16.86382426,0.006258667,1.535471153,0.702659344
245,12.28505832,450.624,100,Llama-3.1-8B,8,24,1024,1641.988957,1658.852782,16.86382426,0.006258667,1.541729819,0.702659344
246,12.33517028,450.187,100,Llama-3.1-8B,8,24,1024,1641.988957,1658.852782,16.86382426,0.006252597,1.547982417,0.702659344
247,12.38525054,450.187,100,Llama-3.1-8B,8,24,1024,1641.988957,1658.852782,16.86382426,0.006252597,1.554235014,0.702659344
248,12.43532743,450.998,100,Llama-3.1-8B,8,24,1024,1641.988957,1658.852782,16.86382426,0.006263861,1.560498875,0.702659344
249,12.48540338,450.998,100,Llama-3.1-8B,8,24,1024,1641.988957,1658.852782,16.86382426,0.006263861,1.566762736,0.702659344
250,12.53543477,450.759,100,Llama-3.1-8B,8,24,1024,1641.988957,1658.852782,16.86382426,0.006260542,1.573023278,0.702659344
251,12.58550648,450.759,100,Llama-3.1-8B,8,24,1024,1641.988957,1658.852782,16.86382426,0.006260542,1.579283819,0.702659344
252,12.63558708,451.587,100,Llama-3.1-8B,8,24,1024,1641.988957,1658.852782,16.86382426,0.006272042,1.585555861,0.702659344
253,12.68570872,451.587,100,Llama-3.1-8B,8,24,1024,1641.988957,1658.852782,16.86382426,0.006272042,1.591827903,0.702659344
254,12.73583204,451.028,100,Llama-3.1-8B,8,24,1024,1641.988957,1658.852782,16.86382426,0.006264278,1.598092181,0.702659344
255,12.7859704,451.028,100,Llama-3.1-8B,8,24,1024,1641.988957,1658.852782,16.86382426,0.006264278,1.604356458,0.702659344
256,12.83610296,451.143,100,Llama-3.1-8B,8,24,1024,1641.988957,1658.852782,16.86382426,0.006265875,1.610622333,0.702659344
257,12.88622786,451.143,100,Llama-3.1-8B,8,24,1024,1641.988957,1658.852782,16.86382426,0.006265875,1.616888208,0.702659344
258,12.93634261,451.118,100,Llama-3.1-8B,8,24,1024,1641.988957,1658.852782,16.86382426,0.006265528,1.623153736,0.702659344
259,12.98645162,451.118,100,Llama-3.1-8B,8,24,1024,1641.988957,1658.852782,16.86382426,0.006265528,1.629419264,0.702659344
260,13.03657706,450.312,100,Llama-3.1-8B,8,24,1024,1641.988957,1658.852782,16.86382426,0.006254333,1.635673597,0.702659344
261,13.08670423,450.312,100,Llama-3.1-8B,8,24,1024,1641.988957,1658.852782,16.86382426,0.006254333,1.641927931,0.702659344
262,13.13683162,450.269,100,Llama-3.1-8B,8,24,1024,1641.988957,1658.852782,16.86382426,0.006253736,1.648181667,0.702659344
263,13.18695096,450.269,100,Llama-3.1-8B,8,24,1024,1641.988957,1658.852782,16.86382426,0.006253736,1.654435403,0.702659344
264,13.2370587,450.123,100,Llama-3.1-8B,8,24,1024,1641.988957,1658.852782,16.86382426,0.006251708,1.660687111,0.702659344
265,13.28713087,450.123,100,Llama-3.1-8B,8,24,1024,1641.988957,1658.852782,16.86382426,0.006251708,1.666938819,0.702659344
266,13.33720175,450.363,100,Llama-3.1-8B,8,24,1024,1641.988957,1658.852782,16.86382426,0.006255042,1.673193861,0.702659344
267,13.38727626,450.363,100,Llama-3.1-8B,8,24,1024,1641.988957,1658.852782,16.86382426,0.006255042,1.679448903,0.702659344
268,13.43735218,450.298,100,Llama-3.1-8B,8,24,1024,1641.988957,1658.852782,16.86382426,0.006254139,1.685703042,0.702659344
269,13.48743146,450.298,100,Llama-3.1-8B,8,24,1024,1641.988957,1658.852782,16.86382426,0.006254139,1.691957181,0.702659344
270,13.53750964,450.473,100,Llama-3.1-8B,8,24,1024,1641.988957,1658.852782,16.86382426,0.006256569,1.69821375,0.702659344
271,13.58758317,450.473,100,Llama-3.1-8B,8,24,1024,1641.988957,1658.852782,16.86382426,0.006256569,1.704470319,0.702659344
272,13.63765071,451.103,100,Llama-3.1-8B,8,24,1024,1641.988957,1658.852782,16.86382426,0.006265319,1.710735639,0.702659344
273,13.68772085,451.103,100,Llama-3.1-8B,8,24,1024,1641.988957,1658.852782,16.86382426,0.006265319,1.717000958,0.702659344
274,13.73779996,452.481,100,Llama-3.1-8B,8,24,1024,1641.988957,1658.852782,16.86382426,0.006284458,1.723285417,0.702659344
275,13.78790394,452.481,100,Llama-3.1-8B,8,24,1024,1641.988957,1658.852782,16.86382426,0.006284458,1.729569875,0.702659344
276,13.83798455,452.585,100,Llama-3.1-8B,8,24,1024,1641.988957,1658.852782,16.86382426,0.006285903,1.735855778,0.702659344
277,13.88805959,452.585,100,Llama-3.1-8B,8,24,1024,1641.988957,1658.852782,16.86382426,0.006285903,1.742141681,0.702659344
278,13.93813363,453.409,100,Llama-3.1-8B,8,24,1024,1641.988957,1658.852782,16.86382426,0.006297347,1.748439028,0.702659344
279,13.98820811,453.409,100,Llama-3.1-8B,8,24,1024,1641.988957,1658.852782,16.86382426,0.006297347,1.754736375,0.702659344
280,14.03828582,453.826,100,Llama-3.1-8B,8,24,1024,1641.988957,1658.852782,16.86382426,0.006303139,1.761039514,0.702659344
281,14.08835748,453.826,100,Llama-3.1-8B,8,24,1024,1641.988957,1658.852782,16.86382426,0.006303139,1.767342653,0.702659344
282,14.13843331,454.434,100,Llama-3.1-8B,8,24,1024,1641.988957,1658.852782,16.86382426,0.006311583,1.773654236,0.702659344
283,14.18850674,454.434,100,Llama-3.1-8B,8,24,1024,1641.988957,1658.852782,16.86382426,0.006311583,1.779965819,0.702659344
284,14.23857719,454.492,100,Llama-3.1-8B,8,24,1024,1641.988957,1658.852782,16.86382426,0.006312389,1.786278208,0.702659344
285,14.28864728,454.492,100,Llama-3.1-8B,8,24,1024,1641.988957,1658.852782,16.86382426,0.006312389,1.792590597,0.702659344
286,14.3387145,454.851,100,Llama-3.1-8B,8,24,1024,1641.988957,1658.852782,16.86382426,0.006317375,1.798907972,0.702659344
287,14.38878423,454.851,100,Llama-3.1-8B,8,24,1024,1641.988957,1658.852782,16.86382426,0.006317375,1.805225347,0.702659344
288,14.43885595,454.773,100,Llama-3.1-8B,8,24,1024,1641.988957,1658.852782,16.86382426,0.006316292,1.811541639,0.702659344
289,14.48893836,454.773,100,Llama-3.1-8B,8,24,1024,1641.988957,1658.852782,16.86382426,0.006316292,1.817857931,0.702659344
290,14.53902951,454.456,100,Llama-3.1-8B,8,24,1024,1641.988957,1658.852782,16.86382426,0.006311889,1.824169819,0.702659344
291,14.5892057,454.456,100,Llama-3.1-8B,8,24,1024,1641.988957,1658.852782,16.86382426,0.006311889,1.830481708,0.702659344
292,14.63939815,453.455,100,Llama-3.1-8B,8,24,1024,1641.988957,1658.852782,16.86382426,0.006297986,1.836779694,0.702659344
293,14.689596,453.455,100,Llama-3.1-8B,8,24,1024,1641.988957,1658.852782,16.86382426,0.006297986,1.843077681,0.702659344
294,14.73976236,452.654,100,Llama-3.1-8B,8,24,1024,1641.988957,1658.852782,16.86382426,0.006286861,1.849364542,0.702659344
295,14.79003418,452.654,100,Llama-3.1-8B,8,24,1024,1641.988957,1658.852782,16.86382426,0.006286861,1.855651403,0.702659344
296,14.84021148,452.58,100,Llama-3.1-8B,8,24,1024,1641.988957,1658.852782,16.86382426,0.006285833,1.861937236,0.702659344
297,14.89051468,452.58,100,Llama-3.1-8B,8,24,1024,1641.988957,1658.852782,16.86382426,0.006285833,1.868223069,0.702659344
298,14.94065836,451.559,100,Llama-3.1-8B,8,24,1024,1641.988957,1658.852782,16.86382426,0.006271653,1.874494722,0.702659344
299,14.99080609,451.559,100,Llama-3.1-8B,8,24,1024,1641.988957,1658.852782,16.86382426,0.006271653,1.880766375,0.702659344
300,15.04092987,451.295,100,Llama-3.1-8B,8,24,1024,1641.988957,1658.852782,16.86382426,0.006267986,1.887034361,0.702659344
301,15.09105846,451.295,100,Llama-3.1-8B,8,24,1024,1641.988957,1658.852782,16.86382426,0.006267986,1.893302347,0.702659344
302,15.14120961,450.62,100,Llama-3.1-8B,8,24,1024,1641.988957,1658.852782,16.86382426,0.006258611,1.899560958,0.702659344
303,15.19137973,450.62,100,Llama-3.1-8B,8,24,1024,1641.988957,1658.852782,16.86382426,0.006258611,1.905819569,0.702659344
304,15.24153416,451.547,100,Llama-3.1-8B,8,24,1024,1641.988957,1658.852782,16.86382426,0.006271486,1.912091056,0.702659344
305,15.29165937,451.547,100,Llama-3.1-8B,8,24,1024,1641.988957,1658.852782,16.86382426,0.006271486,1.918362542,0.702659344
306,15.34204366,450.667,100,Llama-3.1-8B,8,24,1024,1641.988957,1658.852782,16.86382426,0.006259264,1.924621806,0.702659344
307,15.3921847,450.667,100,Llama-3.1-8B,8,24,1024,1641.988957,1658.852782,16.86382426,0.006259264,1.930881069,0.702659344
308,15.44237947,450.564,100,Llama-3.1-8B,8,24,1024,1641.988957,1658.852782,16.86382426,0.006257833,1.937138903,0.702659344
309,15.49256735,450.564,100,Llama-3.1-8B,8,24,1024,1641.988957,1658.852782,16.86382426,0.006257833,1.943396736,0.702659344
310,15.54274464,450.466,100,Llama-3.1-8B,8,24,1024,1641.988957,1658.852782,16.86382426,0.006256472,1.949653208,0.702659344
311,15.59290958,450.466,100,Llama-3.1-8B,8,24,1024,1641.988957,1658.852782,16.86382426,0.006256472,1.955909681,0.702659344
312,15.64306101,450.345,100,Llama-3.1-8B,8,24,1024,1641.988957,1658.852782,16.86382426,0.006254792,1.962164472,0.702659344
313,15.69325152,450.345,100,Llama-3.1-8B,8,24,1024,1641.988957,1658.852782,16.86382426,0.006254792,1.968419264,0.702659344
314,15.74341239,450.377,100,Llama-3.1-8B,8,24,1024,1641.988957,1658.852782,16.86382426,0.006255236,1.9746745,0.702659344
315,15.79359135,450.377,100,Llama-3.1-8B,8,24,1024,1641.988957,1658.852782,16.86382426,0.006255236,1.980929736,0.702659344
316,15.84377795,450.08,100,Llama-3.1-8B,8,24,1024,1641.988957,1658.852782,16.86382426,0.006251111,1.987180847,0.702659344
317,15.89394452,450.08,100,Llama-3.1-8B,8,24,1024,1641.988957,1658.852782,16.86382426,0.006251111,1.993431958,0.702659344
318,15.94412795,449.817,100,Llama-3.1-8B,8,24,1024,1641.988957,1658.852782,16.86382426,0.006247458,1.999679417,0.702659344
319,15.99431245,449.817,100,Llama-3.1-8B,8,24,1024,1641.988957,1658.852782,16.86382426,0.006247458,2.005926875,0.702659344
320,16.04444382,450.279,100,Llama-3.1-8B,8,24,1024,1641.988957,1658.852782,16.86382426,0.006253875,2.01218075,0.702659344
321,16.09461691,450.279,100,Llama-3.1-8B,8,24,1024,1641.988957,1658.852782,16.86382426,0.006253875,2.018434625,0.702659344
322,16.14474576,450.167,100,Llama-3.1-8B,8,24,1024,1641.988957,1658.852782,16.86382426,0.006252319,2.024686944,0.702659344
323,16.19492544,450.167,100,Llama-3.1-8B,8,24,1024,1641.988957,1658.852782,16.86382426,0.006252319,2.030939264,0.702659344
324,16.24505398,449.607,100,Llama-3.1-8B,8,24,1024,1641.988957,1658.852782,16.86382426,0.006244542,2.037183806,0.702659344
325,16.29517928,449.607,100,Llama-3.1-8B,8,24,1024,1641.988957,1658.852782,16.86382426,0.006244542,2.043428347,0.702659344
326,16.34529369,449.18,100,Llama-3.1-8B,8,24,1024,1641.988957,1658.852782,16.86382426,0.006238611,2.049666958,0.702659344
327,16.3953713,449.18,100,Llama-3.1-8B,8,24,1024,1641.988957,1658.852782,16.86382426,0.006238611,2.055905569,0.702659344
328,16.44550776,448.563,100,Llama-3.1-8B,8,24,1024,1641.988957,1658.852782,16.86382426,0.006230042,2.062135611,0.702659344
329,16.49576237,448.563,100,Llama-3.1-8B,8,24,1024,1641.988957,1658.852782,16.86382426,0.006230042,2.068365653,0.702659344
330,16.54593417,448.715,100,Llama-3.1-8B,8,24,1024,1641.988957,1658.852782,16.86382426,0.006232153,2.074597806,0.702659344
331,16.59612176,448.715,100,Llama-3.1-8B,8,24,1024,1641.988957,1658.852782,16.86382426,0.006232153,2.080829958,0.702659344
332,16.6462817,448.045,100,Llama-3.1-8B,8,24,1024,1641.988957,1658.852782,16.86382426,0.006222847,2.087052806,0.702659344
333,16.69646205,448.045,100,Llama-3.1-8B,8,24,1024,1641.988957,1658.852782,16.86382426,0.006222847,2.093275653,0.702659344
334,16.74659467,447.221,100,Llama-3.1-8B,8,24,1024,1641.988957,1658.852782,16.86382426,0.006211403,2.099487056,0.702659344
335,16.7967354,447.221,100,Llama-3.1-8B,8,24,1024,1641.988957,1658.852782,16.86382426,0.006211403,2.105698458,0.702659344
336,16.84697799,447.441,100,Llama-3.1-8B,8,24,1024,1641.988957,1658.852782,16.86382426,0.006214458,2.111912917,0.702659344
